entity,field,domain_or_reference,illegal_values_with_counts,illegal_row_count,remedy,note
shipments,origin,ref:location,'legacy':35; 'approved':32; 'vendor':29; 'requires_review':27; 'not_enforced':27; 'rejected':26; 'internal':25; 'normal':25; 'degraded':22; 'ai_assisted':22; 'standard':21; 'pending':21; 'high_risk':21; 'manual':20; '':1,354,data_fix,"field holds placeholder workflow tokens, not a valid reference; schema fix adds reference type, data fix supplies real references"
shipments,destination,ref:location,'pending':31; 'normal':31; 'standard':29; 'manual':28; 'legacy':27; 'high_risk':27; 'requires_review':24; 'vendor':24; 'internal':23; 'approved':23; 'rejected':23; 'ai_assisted':22; 'not_enforced':21; 'degraded':20; '':1,354,data_fix,"field holds placeholder workflow tokens, not a valid reference; schema fix adds reference type, data fix supplies real references"
shipments,service_tier,service_tier,'requires_review':34; 'degraded':33; 'ai_assisted':27; 'legacy':26; 'internal':26; 'high_risk':26; 'rejected':26; 'not_enforced':25; 'approved':25; 'pending':25; 'vendor':20; 'manual':20; 'normal':19; '':1,333,schema_fix,"domain is a PROPOSAL (assumption); observed tokens are workflow words, not values of this field; Data Owner to confirm domain then data fix"
shipments,status,shipment_status,'approved':46; '':1,47,legacy_tolerance,'approved' is not a lifecycle state; accept-and-flag until the Data Owner rules (UNRESOLVED)
shipments,customs_required,boolean,'':1,1,data_fix,illegal tokens are cross-field pollution; quarantine and correct at source
shipments,temperature_controlled,boolean,'':1,1,data_fix,illegal tokens are cross-field pollution; quarantine and correct at source
tracking_events,event_type,tracking_event_type,'pending':36; 'requires_review':34; 'normal':32; 'standard':31; 'ai_assisted':31; 'degraded':25; 'high_risk':24; 'legacy':23; 'manual':23; 'rejected':22; 'not_enforced':21; 'internal':20; 'approved':16; 'vendor':15; '':1,354,schema_fix,"domain is a PROPOSAL (assumption); observed tokens are workflow words, not values of this field; Data Owner to confirm domain then data fix"
tracking_events,source_system,source_system,'high_risk':36; 'not_enforced':29; 'degraded':26; 'requires_review':26; 'standard':25; 'rejected':23; 'normal':23; 'approved':23; 'pending':20; '':1,232,data_fix,illegal tokens are cross-field pollution; quarantine and correct at source
tracking_events,location,ref:location,'degraded':34; 'legacy':32; 'standard':32; 'vendor':27; 'manual':27; 'normal':26; 'not_enforced':26; 'approved':25; 'pending':24; 'ai_assisted':23; 'requires_review':21; 'internal':20; 'rejected':18; 'high_risk':18; '':1,354,data_fix,"field holds placeholder workflow tokens, not a valid reference; schema fix adds reference type, data fix supplies real references"
tracking_events,duplicate_flag,boolean,'':1,1,data_fix,illegal tokens are cross-field pollution; quarantine and correct at source
tracking_events,timezone,ref:timezone,'rejected':36; 'legacy':34; 'not_enforced':28; 'pending':27; 'internal':27; 'approved':26; 'standard':26; 'degraded':26; 'ai_assisted':23; 'requires_review':22; 'vendor':22; 'high_risk':20; 'manual':18; 'normal':18; '':1,354,data_fix,"field holds placeholder workflow tokens, not a valid reference; schema fix adds reference type, data fix supplies real references"
vehicles,vehicle_type,vehicle_type,'vendor':35; 'legacy':33; 'not_enforced':31; 'requires_review':30; 'pending':27; 'rejected':25; 'internal':24; 'high_risk':24; 'approved':21; 'degraded':20; 'ai_assisted':19; 'manual':17; 'normal':16; '':1,323,schema_fix,"domain is a PROPOSAL (assumption); observed tokens are workflow words, not values of this field; Data Owner to confirm domain then data fix"
vehicles,current_location,ref:location,'degraded':36; 'not_enforced':31; 'internal':29; 'manual':28; 'normal':28; 'legacy':28; 'high_risk':26; 'requires_review':24; 'standard':23; 'pending':22; 'ai_assisted':22; 'vendor':21; 'rejected':21; 'approved':14; '':1,354,data_fix,"field holds placeholder workflow tokens, not a valid reference; schema fix adds reference type, data fix supplies real references"
vehicles,maintenance_status,maintenance_status,'vendor':34; 'approved':34; 'high_risk':27; 'internal':26; 'manual':25; 'legacy':24; 'rejected':22; 'not_enforced':21; 'standard':16; 'ai_assisted':14; '':1,244,data_fix,illegal tokens are cross-field pollution; quarantine and correct at source
vehicles,cold_chain_capable,boolean,'':1,1,data_fix,illegal tokens are cross-field pollution; quarantine and correct at source
vehicles,region,region,'':1,1,data_fix,illegal tokens are cross-field pollution; quarantine and correct at source
routes,origin,ref:location,'pending':35; 'legacy':29; 'standard':27; 'not_enforced':27; 'high_risk':26; 'internal':26; 'requires_review':26; 'vendor':25; 'rejected':24; 'manual':23; 'degraded':23; 'approved':22; 'normal':21; 'ai_assisted':19; '':1,354,data_fix,"field holds placeholder workflow tokens, not a valid reference; schema fix adds reference type, data fix supplies real references"
routes,destination,ref:location,'manual':37; 'approved':29; 'not_enforced':28; 'pending':28; 'normal':28; 'ai_assisted':27; 'rejected':26; 'high_risk':25; 'vendor':25; 'degraded':23; 'legacy':22; 'standard':20; 'requires_review':19; 'internal':16; '':1,354,data_fix,"field holds placeholder workflow tokens, not a valid reference; schema fix adds reference type, data fix supplies real references"
routes,restricted_zone_flag,boolean,'':1,1,data_fix,illegal tokens are cross-field pollution; quarantine and correct at source
routes,weather_risk,risk_level,'internal':36; 'legacy':34; 'ai_assisted':27; 'approved':25; 'rejected':24; 'manual':24; 'pending':22; 'requires_review':20; 'not_enforced':20; 'vendor':20; 'standard':14; '':1; '1.42':1,268,data_fix,illegal tokens are cross-field pollution; quarantine and correct at source; numeric 1.42 present in a categorical field (F-61)
routes,border_risk,risk_level,'not_enforced':35; 'rejected':29; 'ai_assisted':28; 'requires_review':28; 'pending':28; 'approved':27; 'internal':27; 'legacy':19; 'vendor':17; 'standard':16; 'manual':14; '':1,269,data_fix,illegal tokens are cross-field pollution; quarantine and correct at source
carrier_bookings,carrier,ref:carrier,'legacy':36; 'vendor':31; 'standard':29; 'approved':29; 'normal':28; 'manual':27; 'requires_review':25; 'pending':25; 'ai_assisted':23; 'degraded':23; 'not_enforced':21; 'high_risk':19; 'rejected':19; 'internal':18; '':1,354,data_fix,"field holds placeholder workflow tokens, not a valid reference; schema fix adds reference type, data fix supplies real references"
carrier_bookings,status,shipment_status,'approved':36; '':1,37,legacy_tolerance,'approved' is not a lifecycle state; accept-and-flag until the Data Owner rules (UNRESOLVED)
carrier_bookings,compensation_required,boolean,'':1,1,data_fix,illegal tokens are cross-field pollution; quarantine and correct at source
ai_invocations,use_case,ai_use_case,'ai_assisted':35; 'vendor':32; 'requires_review':29; 'degraded':28; 'not_enforced':27; 'approved':27; 'normal':27; 'legacy':26; 'standard':24; 'high_risk':23; 'internal':21; 'manual':20; 'rejected':18; 'pending':16; '':1,354,schema_fix,"domain is a PROPOSAL (assumption); observed tokens are workflow words, not values of this field; Data Owner to confirm domain then data fix"
ai_invocations,model,ref:model,'standard':34; 'manual':30; 'ai_assisted':30; 'degraded':29; 'requires_review':29; 'internal':28; 'legacy':26; 'not_enforced':24; 'rejected':23; 'normal':22; 'approved':21; 'vendor':21; 'high_risk':20; 'pending':16; '':1,354,data_fix,"field holds placeholder workflow tokens, not a valid reference; schema fix adds reference type, data fix supplies real references"
ai_invocations,constraint_violations,constraint_class,'legacy':98; 'modernized':67; '':1,166,schema_fix,meaning of alpha/beta/gamma unknown [UNK]; owner decision before enforcement
ai_invocations,recommendation,recommendation,'standard':32; 'vendor':32; 'internal':30; 'normal':27; 'manual':26; 'high_risk':21; 'legacy':21; 'degraded':20; 'not_enforced':20; 'ai_assisted':19; '':1,249,data_fix,illegal tokens are cross-field pollution; quarantine and correct at source
ai_invocations,human_override,human_decision,'not_enforced':31; 'standard':30; 'high_risk':27; 'vendor':25; 'normal':25; 'ai_assisted':24; 'manual':24; 'legacy':24; 'degraded':23; 'internal':16; '':1,250,data_fix,illegal tokens are cross-field pollution; quarantine and correct at source
