entity,field,in_csv,in_entities_yaml,type,role
shipments,shipment_id,True,True,string,key
shipments,customer_id,True,True,string,fk:customer
shipments,origin,True,True,location_ref,attr
shipments,destination,True,True,location_ref,attr
shipments,service_tier,True,True,enum,attr
shipments,declared_weight_kg,True,True,decimal,attr
shipments,actual_weight_kg,True,True,decimal,attr
shipments,promised_at,True,True,timestamp,attr
shipments,status,True,True,enum,attr
shipments,customs_required,True,True,boolean,attr
shipments,temperature_controlled,True,True,boolean,attr
tracking_events,event_id,True,True,string,key
tracking_events,shipment_id,True,True,string,fk:shipments.shipment_id
tracking_events,event_type,True,True,enum,attr
tracking_events,event_time,True,True,timestamp,attr
tracking_events,source_system,True,True,enum,attr
tracking_events,location,True,True,location_ref,attr
tracking_events,sequence_no,True,True,integer,attr
tracking_events,duplicate_flag,True,True,boolean,attr
tracking_events,timezone,True,True,timezone,attr
tracking_events,confidence,True,True,decimal,attr
vehicles,vehicle_id,True,True,string,key
vehicles,vehicle_type,True,True,enum,attr
vehicles,capacity_kg,True,True,decimal,attr
vehicles,current_location,True,True,location_ref,attr
vehicles,driver_id,True,True,string,attr
vehicles,maintenance_status,True,True,enum,attr
vehicles,cold_chain_capable,True,True,boolean,attr
vehicles,fuel_level_pct,True,True,decimal,attr
vehicles,region,True,True,enum,attr
routes,route_id,True,True,string,key
routes,origin,True,True,location_ref,attr
routes,destination,True,True,location_ref,attr
routes,distance_km,True,True,decimal,attr
routes,restricted_zone_flag,True,True,boolean,attr
routes,weather_risk,True,True,enum,attr
routes,border_risk,True,True,enum,attr
routes,estimated_cost,True,True,decimal,attr
routes,eta_minutes,True,True,integer,attr
carrier_bookings,booking_id,True,True,string,key
carrier_bookings,shipment_id,True,True,string,fk:shipments.shipment_id
carrier_bookings,carrier,True,True,carrier_ref,attr
carrier_bookings,status,True,True,enum,attr
carrier_bookings,retry_count,True,True,integer,attr
carrier_bookings,partner_ref,True,True,string,attr
carrier_bookings,created_at,True,True,timestamp,attr
carrier_bookings,compensation_required,True,True,boolean,attr
ai_invocations,ai_call_id,True,True,string,key
ai_invocations,shipment_id,True,True,string,fk:shipments.shipment_id
ai_invocations,use_case,True,True,enum,attr
ai_invocations,model,True,True,model_ref,attr
ai_invocations,route_candidates,True,True,integer,attr
ai_invocations,token_count,True,True,integer,attr
ai_invocations,constraint_violations,True,True,enum,attr
ai_invocations,recommendation,True,True,enum,attr
ai_invocations,human_override,True,True,enum,attr
