ai_call_id,shipment_id,use_case,model,route_candidates,token_count,constraint_violations,recommendation,human_override
REC-0001,SHI-00001,standard,approved,3505,4479,alpha,pending,requires_review
AI_-00002,SHI-00002,not_enforced,manual,1508,357,modernized,normal,not_enforced
AI_-00003,SHI-00003,legacy,manual,715,1429,legacy,pending,approved
AI_-00004,SHI-00004,requires_review,legacy,321,2208,modernized,rejected,internal
AI_-00005,SHI-00005,legacy,degraded,4649,2700,modernized,degraded,vendor
AI_-00006,SHI-00006,standard,rejected,3781,3307,gamma,high_risk,high_risk
AI_-00007,SHI-00007,approved,requires_review,4414,4783,legacy,standard,not_enforced
AI_-00008,SHI-00008,vendor,not_enforced,4716,3553,alpha,vendor,not_enforced
AI_-00009,SHI-00009,ai_assisted,ai_assisted,734,4623,alpha,standard,high_risk
AI_-00010,SHI-00010,normal,not_enforced,1030,1767,legacy,vendor,ai_assisted
AI_-00011,SHI-00011,vendor,approved,1848,2665,gamma,not_enforced,approved
AI_-00012,SHI-00012,rejected,rejected,1061,217,gamma,legacy,normal
AI_-00013,SHI-00013,vendor,not_enforced,144,2478,beta,approved,not_enforced
AI_-00014,SHI-00014,vendor,not_enforced,2774,906,modernized,not_enforced,requires_review
AI_-00015,SHI-00015,normal,manual,2120,61,gamma,requires_review,vendor
AI_-00016,SHI-00016,normal,ai_assisted,4700,2896,modernized,high_risk,approved
AI_-00017,SHI-00017,vendor,not_enforced,3561,2093,beta,requires_review,normal
AI_-00018,SHI-00018,pending,not_enforced,3464,4371,gamma,standard,not_enforced
AI_-00019,SHI-00019,ai_assisted,internal,1683,2616,legacy,requires_review,requires_review
AI_-00020,SHI-00020,degraded,legacy,3262,2427,modernized,pending,normal
AI_-00021,SHI-00021,degraded,standard,1617,2296,alpha,normal,manual
AI_-00022,SHI-00022,vendor,requires_review,1457,1610,alpha,pending,manual
AI_-00023,SHI-00023,ai_assisted,requires_review,4912,2831,modernized,rejected,requires_review
AI_-00024,SHI-00024,internal,approved,3324,3970,beta,standard,legacy
AI_-00025,SHI-00025,internal,requires_review,1623,1197,legacy,standard,approved
AI_-00026,SHI-00026,ai_assisted,legacy,2045,2427,alpha,standard,internal
AI_-00027,SHI-00027,legacy,approved,3078,2551,legacy,requires_review,degraded
AI_-00028,SHI-00028,degraded,manual,3988,2976,gamma,standard,manual
AI_-00029,SHI-00029,requires_review,high_risk,868,3951,gamma,pending,vendor
AI_-00030,SHI-00030,vendor,requires_review,4234,2341,beta,standard,rejected
AI_-00031,SHI-00031,vendor,standard,1800,1894,alpha,internal,high_risk
AI_-00032,SHI-00032,not_enforced,high_risk,1289,4056,legacy,high_risk,requires_review
AI_-00033,SHI-00033,manual,requires_review,1032,363,modernized,vendor,degraded
AI_-00034,SHI-00034,degraded,standard,561,3046,alpha,legacy,requires_review
AI_-00035,SHI-00035,degraded,approved,4190,4345,modernized,requires_review,legacy
AI_-00036,SHI-00036,not_enforced,rejected,2600,3271,beta,rejected,requires_review
AI_-00037,SHI-00037,ai_assisted,internal,3739,2949,alpha,internal,requires_review
AI_-00038,SHI-00038,not_enforced,rejected,1045,803,legacy,internal,standard
AI_-00039,SHI-00039,high_risk,standard,4033,3750,beta,vendor,requires_review
AI_-00040,SHI-00040,approved,ai_assisted,347,1992,gamma,pending,manual
AI_-00041,SHI-00041,manual,legacy,16,3100,legacy,requires_review,standard
AI_-00042,SHI-00042,legacy,not_enforced,1256,3515,legacy,internal,standard
AI_-00043,SHI-00043,not_enforced,manual,3764,3013,alpha,internal,requires_review
AI_-00044,SHI-00044,ai_assisted,manual,897,1581,modernized,internal,high_risk
AI_-00045,SHI-00045,requires_review,rejected,3402,1680,legacy,internal,rejected
AI_-00046,SHI-00046,not_enforced,approved,3637,472,gamma,high_risk,vendor
AI_-00047,SHI-00047,internal,vendor,4043,4547,alpha,ai_assisted,internal
AI_-00048,SHI-00048,approved,ai_assisted,16,3152,alpha,requires_review,degraded
AI_-00049,SHI-00049,standard,standard,2413,1109,gamma,high_risk,internal
AI_-00050,SHI-00050,approved,legacy,1400,4945,legacy,normal,rejected
AI_-00051,SHI-00051,vendor,rejected,1454,216,modernized,requires_review,ai_assisted
AI_-00052,SHI-00052,legacy,standard,460,1387,beta,rejected,pending
AI_-00053,SHI-00053,internal,rejected,3701,67,beta,legacy,standard
AI_-00054,SHI-00054,rejected,degraded,2602,2314,legacy,standard,normal
AI_-00055,SHI-00055,vendor,requires_review,3011,966,legacy,normal,requires_review
AI_-00056,SHI-00056,legacy,standard,3092,1602,beta,degraded,normal
AI_-00057,SHI-00057,degraded,normal,4901,2804,beta,manual,pending
AI_-00058,SHI-00058,manual,normal,1430,4878,alpha,requires_review,approved
AI_-00059,SHI-00059,degraded,internal,1952,1926,gamma,requires_review,manual
AI_-00060,SHI-00060,vendor,manual,95,4789,alpha,internal,pending
AI_-00061,SHI-00061,rejected,requires_review,1357,1704,alpha,degraded,rejected
AI_-00062,SHI-00062,ai_assisted,requires_review,3446,4687,modernized,standard,normal
AI_-00063,SHI-00063,manual,degraded,2428,4156,alpha,degraded,standard
AI_-00064,SHI-00064,requires_review,standard,2527,3340,legacy,requires_review,pending
AI_-00065,SHI-00065,legacy,degraded,1134,194,legacy,rejected,standard
AI_-00066,SHI-00066,legacy,ai_assisted,2475,2975,modernized,normal,requires_review
AI_-00067,SHI-00067,legacy,requires_review,2445,1629,modernized,pending,ai_assisted
AI_-00068,SHI-00068,requires_review,normal,3714,1914,legacy,internal,ai_assisted
AI_-00069,SHI-00069,approved,standard,2214,4923,legacy,internal,pending
AI_-00070,SHI-00070,requires_review,pending,2382,455,modernized,standard,not_enforced
AI_-00071,SHI-00071,approved,degraded,3748,2849,beta,pending,vendor
AI_-00072,SHI-00072,rejected,requires_review,3170,2954,legacy,vendor,standard
AI_-00073,SHI-00073,ai_assisted,requires_review,4078,1510,legacy,high_risk,not_enforced
AI_-00074,SHI-00074,requires_review,normal,1055,4305,alpha,requires_review,ai_assisted
AI_-00075,SHI-00075,internal,vendor,1331,1820,legacy,requires_review,approved
AI_-00076,SHI-00076,requires_review,approved,2624,980,alpha,not_enforced,requires_review
AI_-00077,SHI-00077,vendor,high_risk,4559,2617,gamma,pending,high_risk
AI_-00078,SHI-00078,requires_review,legacy,4874,2793,alpha,standard,ai_assisted
AI_-00079,SHI-00079,not_enforced,ai_assisted,1284,3298,modernized,not_enforced,requires_review
AI_-00080,SHI-00080,legacy,requires_review,1739,298,legacy,ai_assisted,ai_assisted
AI_-00081,SHI-00081,legacy,approved,2859,376,beta,internal,high_risk
AI_-00082,SHI-00082,degraded,standard,2487,228,legacy,normal,requires_review
AI_-00083,SHI-00083,not_enforced,not_enforced,1120,2338,legacy,rejected,degraded
AI_-00084,SHI-00084,manual,manual,1337,727,legacy,requires_review,manual
AI_-00085,SHI-00085,not_enforced,approved,4979,4366,beta,approved,normal
AI_-00086,SHI-00086,ai_assisted,rejected,4797,4607,modernized,rejected,high_risk
AI_-00087,SHI-00087,legacy,internal,70,2829,beta,vendor,rejected
AI_-00088,SHI-00088,requires_review,not_enforced,1465,4097,legacy,manual,rejected
AI_-00089,SHI-00089,not_enforced,normal,1687,486,legacy,pending,rejected
AI_-00090,SHI-00090,ai_assisted,degraded,704,3051,beta,internal,internal
AI_-00091,SHI-00091,not_enforced,degraded,1931,3902,legacy,normal,high_risk
AI_-00092,SHI-00092,normal,legacy,1721,3781,gamma,pending,standard
AI_-00093,SHI-00093,standard,legacy,4947,4529,legacy,manual,not_enforced
AI_-00094,SHI-00094,ai_assisted,vendor,2242,4253,gamma,legacy,internal
AI_-00095,SHI-00095,high_risk,ai_assisted,3978,3915,alpha,vendor,normal
AI_-00096,SHI-00096,standard,degraded,2082,720,modernized,standard,requires_review
AI_-00097,SHI-00097,normal,high_risk,3536,584,beta,not_enforced,ai_assisted
AI_-00098,SHI-00098,ai_assisted,high_risk,1416,3511,gamma,standard,not_enforced
AI_-00099,SHI-00099,manual,internal,3817,1614,beta,requires_review,standard
AI_-00100,SHI-00100,manual,legacy,2983,169,legacy,degraded,normal
AI_-00101,SHI-00101,pending,standard,3582,1549,modernized,ai_assisted,normal
AI_-00102,SHI-00102,internal,legacy,4853,3145,gamma,pending,high_risk
AI_-00103,SHI-00103,vendor,pending,2272,2058,legacy,legacy,approved
AI_-00104,SHI-00104,degraded,legacy,2677,2999,legacy,standard,requires_review
AI_-00105,SHI-00105,degraded,ai_assisted,177,3799,gamma,standard,normal
AI_-00106,SHI-00106,high_risk,normal,3605,3690,modernized,pending,legacy
AI_-00107,SHI-00107,degraded,manual,3065,423,legacy,high_risk,rejected
AI_-00108,SHI-00108,rejected,standard,4646,171,gamma,vendor,approved
AI_-00109,SHI-00109,vendor,normal,4445,4150,alpha,degraded,requires_review
AI_-00110,SHI-00110,ai_assisted,high_risk,3883,3523,gamma,manual,manual
AI_-00111,SHI-00111,ai_assisted,high_risk,3986,1824,legacy,manual,requires_review
AI_-00112,SHI-00112,vendor,standard,4278,1475,legacy,manual,legacy
AI_-00113,SHI-00113,internal,rejected,1236,4859,modernized,vendor,approved
AI_-00114,SHI-00114,ai_assisted,internal,4581,3360,beta,normal,standard
AI_-00115,SHI-00115,vendor,legacy,3974,2828,beta,manual,requires_review
AI_-00116,SHI-00116,approved,rejected,2729,4615,gamma,degraded,requires_review
AI_-00117,SHI-00117,vendor,vendor,3964,3897,gamma,not_enforced,standard
AI_-00118,SHI-00118,rejected,vendor,1791,4420,alpha,internal,ai_assisted
AI_-00119,SHI-00119,standard,ai_assisted,4898,4564,gamma,rejected,high_risk
AI_-00120,SHI-00120,approved,manual,951,2484,modernized,manual,pending
AI_-00121,SHI-00121,internal,manual,2099,2378,legacy,internal,not_enforced
AI_-00122,SHI-00122,standard,legacy,377,2102,gamma,manual,normal
AI_-00123,SHI-00123,legacy,pending,3349,4113,gamma,approved,manual
AI_-00124,SHI-00124,degraded,high_risk,3095,3991,alpha,high_risk,vendor
AI_-00125,SHI-00125,standard,degraded,2041,1646,legacy,legacy,pending
AI_-00126,SHI-00126,high_risk,approved,2980,2601,beta,requires_review,vendor
AI_-00127,SHI-00127,rejected,normal,1901,1230,beta,approved,approved
AI_-00128,SHI-00128,internal,internal,4832,4698,legacy,pending,internal
AI_-00129,SHI-00129,internal,internal,4822,4651,gamma,normal,ai_assisted
AI_-00130,SHI-00130,degraded,pending,1054,939,modernized,pending,rejected
AI_-00131,SHI-00131,requires_review,degraded,1257,1755,beta,internal,ai_assisted
AI_-00132,SHI-00132,high_risk,manual,4205,4823,legacy,rejected,legacy
AI_-00133,SHI-00133,not_enforced,approved,1201,4957,beta,requires_review,standard
AI_-00134,SHI-00134,approved,vendor,491,82,beta,ai_assisted,internal
AI_-00135,SHI-00135,internal,high_risk,2002,4577,legacy,not_enforced,high_risk
AI_-00136,SHI-00136,internal,approved,2647,3736,legacy,normal,standard
AI_-00137,SHI-00137,internal,ai_assisted,1835,1013,alpha,pending,internal
AI_-00138,SHI-00138,degraded,pending,4665,2748,gamma,normal,normal
AI_-00139,SHI-00139,requires_review,degraded,437,4327,legacy,vendor,rejected
AI_-00140,SHI-00140,legacy,normal,3111,3296,gamma,not_enforced,normal
AI_-00141,SHI-00141,not_enforced,not_enforced,328,4533,alpha,legacy,ai_assisted
AI_-00142,SHI-00142,manual,legacy,1405,2376,modernized,manual,normal
AI_-00143,SHI-00143,normal,degraded,2806,4271,legacy,approved,pending
AI_-00144,SHI-00144,ai_assisted,normal,3915,4293,beta,ai_assisted,rejected
AI_-00145,SHI-00145,manual,internal,1934,2753,modernized,normal,legacy
AI_-00146,SHI-00146,manual,requires_review,1158,930,modernized,rejected,not_enforced
AI_-00147,SHI-00147,internal,approved,1025,1280,alpha,manual,legacy
AI_-00148,SHI-00148,high_risk,requires_review,188,3371,legacy,pending,normal
AI_-00149,SHI-00149,requires_review,not_enforced,1703,3441,beta,internal,degraded
AI_-00150,SHI-00150,manual,degraded,2766,1745,legacy,requires_review,rejected
AI_-00151,SHI-00151,standard,legacy,4654,186,modernized,vendor,standard
AI_-00152,SHI-00152,high_risk,ai_assisted,157,4431,alpha,rejected,ai_assisted
AI_-00153,SHI-00153,pending,vendor,4943,3482,gamma,vendor,high_risk
AI_-00154,SHI-00154,normal,requires_review,1801,2783,gamma,standard,pending
AI_-00155,SHI-00155,not_enforced,degraded,1836,4526,legacy,manual,standard
AI_-00156,SHI-00156,rejected,vendor,3123,4899,alpha,standard,requires_review
AI_-00157,SHI-00157,requires_review,vendor,4887,1108,beta,requires_review,not_enforced
AI_-00158,SHI-00158,internal,internal,1473,3354,beta,ai_assisted,degraded
AI_-00159,SHI-00159,standard,vendor,2658,724,alpha,ai_assisted,legacy
AI_-00160,SHI-00160,rejected,rejected,3005,1756,beta,legacy,pending
AI_-00161,SHI-00161,not_enforced,ai_assisted,1200,2300,modernized,vendor,approved
AI_-00162,SHI-00162,manual,requires_review,2469,3870,legacy,approved,manual
AI_-00163,SHI-00163,vendor,manual,3976,701,modernized,degraded,requires_review
AI_-00164,SHI-00164,not_enforced,ai_assisted,3333,3172,modernized,legacy,rejected
AI_-00165,SHI-00165,requires_review,internal,538,4484,modernized,vendor,standard
AI_-00166,SHI-00166,manual,internal,3797,3606,beta,high_risk,not_enforced
AI_-00167,SHI-00167,internal,degraded,1283,2623,gamma,ai_assisted,internal
AI_-00168,SHI-00168,high_risk,high_risk,3249,839,modernized,normal,vendor
AI_-00169,SHI-00169,approved,internal,4245,4454,gamma,rejected,manual
AI_-00170,SHI-00170,not_enforced,internal,1948,4211,legacy,ai_assisted,pending
AI_-00171,SHI-00171,vendor,standard,3756,3545,alpha,manual,ai_assisted
AI_-00172,SHI-00172,normal,ai_assisted,4486,2552,beta,not_enforced,degraded
AI_-00173,SHI-00173,requires_review,high_risk,1476,3966,beta,normal,ai_assisted
AI_-00174,SHI-00174,ai_assisted,rejected,4128,4583,alpha,degraded,not_enforced
AI_-00175,SHI-00175,internal,internal,4633,2384,beta,legacy,vendor
AI_-00176,SHI-00176,normal,not_enforced,4009,3672,beta,not_enforced,degraded
AI_-00177,SHI-00177,manual,approved,1036,4803,legacy,requires_review,high_risk
AI_-00178,SHI-00178,normal,rejected,4806,1801,alpha,standard,high_risk
AI_-00179,SHI-00179,approved,vendor,2007,3266,gamma,ai_assisted,approved
AI_-00180,SHI-00180,approved,ai_assisted,722,2892,modernized,not_enforced,high_risk
AI_-00181,SHI-00181,rejected,pending,3996,3133,legacy,requires_review,requires_review
AI_-00182,SHI-00182,vendor,vendor,2581,4875,alpha,requires_review,not_enforced
AI_-00183,SHI-00183,pending,degraded,1889,3498,legacy,rejected,normal
AI_-00184,SHI-00184,not_enforced,manual,622,1573,beta,manual,pending
AI_-00185,SHI-00185,normal,normal,3819,1695,modernized,legacy,pending
AI_-00186,SHI-00186,rejected,rejected,4362,1759,modernized,ai_assisted,vendor
AI_-00187,SHI-00187,normal,standard,795,868,alpha,normal,not_enforced
AI_-00188,SHI-00188,ai_assisted,not_enforced,4184,3120,beta,approved,not_enforced
AI_-00189,SHI-00189,internal,normal,3656,2334,legacy,standard,requires_review
AI_-00190,SHI-00190,approved,degraded,4674,1376,legacy,high_risk,requires_review
AI_-00191,SHI-00191,pending,manual,1745,3452,gamma,manual,standard
AI_-00192,SHI-00192,degraded,degraded,3726,4293,legacy,standard,vendor
AI_-00193,SHI-00193,degraded,vendor,3996,4924,modernized,legacy,requires_review
AI_-00194,SHI-00194,vendor,legacy,405,3949,modernized,high_risk,normal
AI_-00195,SHI-00195,manual,legacy,296,1849,legacy,requires_review,requires_review
AI_-00196,SHI-00196,ai_assisted,standard,659,3749,beta,normal,high_risk
AI_-00197,SHI-00197,pending,internal,3991,255,legacy,standard,not_enforced
AI_-00198,SHI-00198,degraded,vendor,1570,2126,legacy,pending,normal
AI_-00199,SHI-00199,degraded,standard,861,4166,gamma,internal,requires_review
AI_-00200,SHI-00200,requires_review,requires_review,1393,3502,alpha,internal,normal
AI_-00201,SHI-00201,legacy,manual,3164,3851,alpha,manual,approved
AI_-00202,SHI-00202,standard,pending,2855,605,legacy,legacy,manual
AI_-00203,SHI-00203,normal,pending,4029,1724,legacy,standard,pending
AI_-00204,SHI-00204,normal,pending,4762,1510,beta,standard,internal
AI_-00205,SHI-00205,normal,high_risk,2994,1255,alpha,legacy,not_enforced
AI_-00206,SHI-00206,requires_review,normal,3702,1947,legacy,internal,manual
AI_-00207,SHI-00207,standard,standard,2346,3394,beta,vendor,approved
AI_-00208,SHI-00208,approved,not_enforced,63,1779,alpha,rejected,manual
AI_-00209,SHI-00209,high_risk,not_enforced,4314,1943,alpha,degraded,vendor
AI_-00210,SHI-00210,standard,not_enforced,1474,2802,beta,not_enforced,approved
AI_-00211,SHI-00211,pending,standard,95,2113,modernized,rejected,ai_assisted
AI_-00212,SHI-00212,not_enforced,not_enforced,916,2686,modernized,rejected,legacy
AI_-00213,SHI-00213,manual,standard,1921,4162,gamma,vendor,manual
AI_-00214,SHI-00214,degraded,internal,4849,1135,alpha,vendor,normal
AI_-00215,SHI-00215,high_risk,standard,1371,4006,gamma,manual,legacy
AI_-00216,SHI-00216,approved,high_risk,3733,729,legacy,high_risk,internal
AI_-00217,SHI-00217,normal,not_enforced,1140,3635,beta,pending,not_enforced
AI_-00218,SHI-00218,standard,standard,97,883,legacy,vendor,degraded
AI_-00219,SHI-00219,high_risk,legacy,112,708,legacy,ai_assisted,degraded
AI_-00220,SHI-00220,rejected,normal,751,3054,legacy,normal,approved
AI_-00221,SHI-00221,high_risk,ai_assisted,3002,3671,alpha,internal,approved
AI_-00222,SHI-00222,vendor,internal,3134,1143,modernized,pending,legacy
AI_-00223,SHI-00223,normal,not_enforced,2349,4788,legacy,normal,high_risk
AI_-00224,SHI-00224,standard,ai_assisted,288,1352,gamma,ai_assisted,vendor
AI_-00225,SHI-00225,degraded,normal,4151,3797,legacy,legacy,vendor
AI_-00226,SHI-00226,legacy,standard,648,3165,beta,pending,legacy
AI_-00227,SHI-00227,vendor,vendor,2349,3365,gamma,degraded,manual
AI_-00228,SHI-00228,pending,degraded,632,478,beta,normal,degraded
AI_-00229,SHI-00229,vendor,requires_review,2651,1660,modernized,ai_assisted,rejected
AI_-00230,SHI-00230,requires_review,legacy,3820,2121,beta,high_risk,vendor
AI_-00231,SHI-00231,ai_assisted,standard,4077,2160,alpha,degraded,legacy
AI_-00232,SHI-00232,normal,normal,2314,565,legacy,internal,vendor
AI_-00233,SHI-00233,standard,rejected,2398,2746,gamma,vendor,degraded
AI_-00234,SHI-00234,approved,manual,4038,3746,beta,standard,legacy
AI_-00235,SHI-00235,ai_assisted,manual,3039,2080,gamma,approved,standard
AI_-00236,SHI-00236,degraded,internal,3913,188,modernized,degraded,pending
AI_-00237,SHI-00237,ai_assisted,normal,1857,3277,modernized,manual,manual
AI_-00238,SHI-00238,pending,high_risk,617,4846,legacy,degraded,pending
AI_-00239,SHI-00239,vendor,normal,3449,474,legacy,vendor,internal
AI_-00240,SHI-00240,normal,rejected,4744,712,alpha,not_enforced,normal
AI_-00241,SHI-00241,legacy,high_risk,1245,1897,legacy,rejected,manual
AI_-00242,SHI-00242,legacy,high_risk,4687,1948,modernized,rejected,normal
AI_-00243,SHI-00243,not_enforced,requires_review,4718,1182,legacy,high_risk,pending
AI_-00244,SHI-00244,degraded,vendor,3683,4775,legacy,normal,degraded
AI_-00245,SHI-00245,pending,vendor,4409,4922,modernized,legacy,requires_review
AI_-00246,SHI-00246,pending,ai_assisted,511,1506,modernized,ai_assisted,standard
AI_-00247,SHI-00247,high_risk,rejected,3919,2729,beta,pending,high_risk
AI_-00248,SHI-00248,normal,ai_assisted,1851,1790,modernized,manual,ai_assisted
AI_-00249,SHI-00249,requires_review,requires_review,3892,891,legacy,normal,requires_review
AI_-00250,SHI-00250,rejected,pending,284,4287,alpha,internal,legacy
AI_-00251,SHI-00251,approved,normal,2171,442,modernized,high_risk,vendor
AI_-00252,SHI-00252,requires_review,ai_assisted,361,3969,gamma,vendor,manual
AI_-00253,SHI-00253,legacy,degraded,1146,3068,modernized,vendor,vendor
AI_-00254,SHI-00254,requires_review,standard,1275,2314,gamma,internal,ai_assisted
AI_-00255,SHI-00255,legacy,rejected,4974,4450,modernized,not_enforced,manual
AI_-00256,SHI-00256,not_enforced,approved,1751,4084,alpha,manual,requires_review
AI_-00257,SHI-00257,high_risk,manual,2128,2585,beta,requires_review,not_enforced
AI_-00258,SHI-00258,ai_assisted,ai_assisted,1543,2639,modernized,pending,requires_review
AI_-00259,SHI-00259,approved,legacy,4834,236,beta,vendor,rejected
AI_-00260,SHI-00260,approved,standard,479,1426,legacy,standard,manual
AI_-00261,SHI-00261,not_enforced,internal,2512,2269,beta,standard,ai_assisted
AI_-00262,SHI-00262,ai_assisted,degraded,4241,3592,legacy,pending,vendor
AI_-00263,SHI-00263,vendor,degraded,2526,3706,modernized,approved,high_risk
AI_-00264,SHI-00264,normal,manual,4950,635,modernized,pending,high_risk
AI_-00265,SHI-00265,approved,standard,4829,2675,alpha,ai_assisted,pending
AI_-00266,SHI-00266,high_risk,rejected,3399,1177,gamma,degraded,requires_review
AI_-00267,SHI-00267,high_risk,standard,3142,720,legacy,rejected,not_enforced
AI_-00268,SHI-00268,vendor,degraded,586,4893,legacy,legacy,legacy
AI_-00269,SHI-00269,high_risk,manual,4435,2284,modernized,manual,pending
AI_-00270,SHI-00270,degraded,manual,368,562,alpha,legacy,legacy
AI_-00271,SHI-00271,normal,normal,4076,4753,beta,internal,standard
AI_-00272,SHI-00272,requires_review,legacy,2143,2191,legacy,rejected,vendor
AI_-00273,SHI-00273,ai_assisted,not_enforced,3120,2636,gamma,requires_review,manual
AI_-00274,SHI-00274,manual,manual,1089,1259,legacy,manual,requires_review
AI_-00275,SHI-00275,approved,ai_assisted,308,2249,legacy,internal,not_enforced
AI_-00276,SHI-00276,degraded,ai_assisted,533,2175,legacy,manual,not_enforced
AI_-00277,SHI-00277,high_risk,internal,3770,1025,alpha,vendor,degraded
AI_-00278,SHI-00278,high_risk,standard,825,1288,beta,normal,high_risk
AI_-00279,SHI-00279,requires_review,high_risk,2954,2804,gamma,vendor,legacy
AI_-00280,SHI-00280,normal,ai_assisted,2151,1740,modernized,manual,requires_review
AI_-00281,SHI-00281,ai_assisted,degraded,435,2887,beta,requires_review,standard
AI_-00282,SHI-00282,approved,requires_review,2432,719,gamma,degraded,rejected
AI_-00283,SHI-00283,legacy,pending,3367,1806,alpha,standard,legacy
AI_-00284,SHI-00284,high_risk,requires_review,781,375,legacy,legacy,standard
AI_-00285,SHI-00285,pending,pending,2841,804,alpha,standard,rejected
AI_-00286,SHI-00286,approved,approved,1803,465,alpha,vendor,degraded
AI_-00287,SHI-00287,high_risk,high_risk,2060,2848,alpha,legacy,degraded
AI_-00288,SHI-00288,rejected,requires_review,4486,2690,gamma,high_risk,normal
AI_-00289,SHI-00289,normal,internal,247,636,modernized,normal,high_risk
AI_-00290,SHI-00290,pending,pending,131,2731,beta,ai_assisted,standard
AI_-00291,SHI-00291,rejected,approved,3808,3635,alpha,standard,not_enforced
AI_-00292,SHI-00292,approved,internal,1756,3411,gamma,high_risk,not_enforced
AI_-00293,SHI-00293,rejected,vendor,301,1173,alpha,not_enforced,standard
AI_-00294,SHI-00294,not_enforced,ai_assisted,1964,3385,legacy,manual,not_enforced
AI_-00295,SHI-00295,not_enforced,manual,3593,4296,beta,approved,not_enforced
AI_-00296,SHI-00296,degraded,approved,2273,3493,modernized,degraded,internal
AI_-00297,SHI-00297,legacy,degraded,4512,3289,alpha,rejected,high_risk
AI_-00298,SHI-00298,high_risk,approved,2124,1469,modernized,legacy,approved
AI_-00299,SHI-00299,vendor,rejected,3739,2618,alpha,pending,rejected
AI_-00300,SHI-00300,high_risk,pending,4082,4987,legacy,not_enforced,approved
AI_-00301,SHI-00301,normal,manual,3151,3170,legacy,approved,approved
AI_-00302,SHI-00302,standard,high_risk,34,399,legacy,normal,internal
AI_-00303,SHI-00303,legacy,requires_review,1005,610,gamma,approved,pending
AI_-00304,SHI-00304,manual,vendor,4282,2054,legacy,normal,high_risk
AI_-00305,SHI-00305,approved,normal,545,243,legacy,requires_review,high_risk
AI_-00306,SHI-00306,legacy,manual,3534,3818,alpha,requires_review,standard
AI_-00307,SHI-00307,pending,approved,3015,4017,beta,requires_review,ai_assisted
AI_-00308,SHI-00308,not_enforced,not_enforced,550,3589,modernized,normal,rejected
AI_-00309,SHI-00309,not_enforced,internal,1378,341,beta,pending,vendor
AI_-00310,SHI-00310,ai_assisted,ai_assisted,3812,3903,gamma,requires_review,requires_review
AI_-00311,SHI-00311,standard,approved,371,1217,beta,internal,degraded
AI_-00312,SHI-00312,ai_assisted,ai_assisted,957,4354,gamma,vendor,legacy
AI_-00313,SHI-00313,approved,pending,773,1963,gamma,not_enforced,standard
AI_-00314,SHI-00314,ai_assisted,vendor,680,1364,modernized,pending,legacy
AI_-00315,SHI-00315,legacy,manual,1609,4853,modernized,rejected,standard
AI_-00316,SHI-00316,vendor,rejected,916,2345,gamma,vendor,normal
AI_-00317,SHI-00317,degraded,legacy,4319,1024,beta,internal,standard
AI_-00318,SHI-00318,standard,requires_review,2178,2760,legacy,ai_assisted,not_enforced
AI_-00319,SHI-00319,internal,legacy,2205,3112,gamma,vendor,approved
AI_-00320,SHI-00320,requires_review,degraded,530,2361,legacy,approved,manual
AI_-00321,SHI-00321,vendor,high_risk,3434,4989,modernized,vendor,high_risk
AI_-00322,SHI-00322,manual,manual,4542,959,beta,vendor,vendor
AI_-00323,SHI-00323,ai_assisted,rejected,1555,2713,legacy,not_enforced,requires_review
AI_-00324,SHI-00324,degraded,internal,389,3055,alpha,ai_assisted,degraded
AI_-00325,SHI-00325,rejected,ai_assisted,441,659,alpha,rejected,rejected
AI_-00326,SHI-00326,standard,legacy,4227,416,beta,high_risk,degraded
AI_-00327,SHI-00327,manual,pending,3516,931,beta,vendor,vendor
AI_-00328,SHI-00328,normal,standard,4833,3043,legacy,rejected,rejected
AI_-00329,SHI-00329,normal,requires_review,1539,1289,beta,high_risk,approved
AI_-00330,SHI-00330,ai_assisted,internal,2233,2078,alpha,not_enforced,ai_assisted
AI_-00331,SHI-00331,pending,standard,4958,4962,gamma,requires_review,degraded
AI_-00332,SHI-00332,requires_review,ai_assisted,689,1771,legacy,normal,rejected
AI_-00333,SHI-00333,rejected,degraded,1349,4208,beta,rejected,manual
AI_-00334,SHI-00334,standard,normal,4412,1747,gamma,internal,internal
AI_-00335,SHI-00335,internal,legacy,3585,4406,gamma,standard,ai_assisted
AI_-00336,SHI-00336,ai_assisted,manual,4110,3179,beta,rejected,degraded
AI_-00337,SHI-00337,vendor,degraded,1339,1505,modernized,degraded,vendor
AI_-00338,SHI-00338,standard,legacy,2401,977,modernized,internal,standard
AI_-00339,SHI-00339,requires_review,internal,1286,40,gamma,high_risk,degraded
AI_-00340,SHI-00340,degraded,not_enforced,4884,969,legacy,rejected,legacy
AI_-00341,SHI-00341,standard,requires_review,3005,2214,legacy,degraded,manual
AI_-00342,SHI-00342,requires_review,requires_review,1467,1890,legacy,internal,high_risk
AI_-00343,SHI-00343,approved,not_enforced,1861,3412,beta,approved,ai_assisted
AI_-00344,SHI-00344,standard,standard,3075,1154,alpha,requires_review,ai_assisted
AI_-00345,SHI-00345,ai_assisted,ai_assisted,3966,601,gamma,standard,degraded
AI_-00346,SHI-00346,ai_assisted,standard,237,2564,gamma,manual,legacy
AI_-00347,SHI-00347,internal,vendor,4940,3090,modernized,rejected,not_enforced
AI_-00348,SHI-00348,not_enforced,rejected,2583,4854,legacy,requires_review,legacy
AI_-00349,SHI-00349,pending,standard,3978,2372,alpha,high_risk,pending
AI_-00350,SHI-00350,requires_review,manual,4491,3289,modernized,not_enforced,standard
AI_-00004,SHI-00005,legacy,degraded,4649,2700,modernized,degraded,vendor
AI_-BAD1,,,,,,,,
AI_-00013,SHI-00013,vendor,not_enforced,144,2478,beta,approved,not_enforced
AI_-00019,SHI-00019,ai_assisted,internal,1683,2616,legacy,requires_review,requires_review
