booking_id,shipment_id,carrier,status,retry_count,partner_ref,created_at,compensation_required
REC-0001,SHI-00001,legacy,new,3889,PAR-00001,2026-08-20T11:34:00,false
BOO-00002,SHI-00002,manual,closed,1307,PAR-00002,2026-07-23T18:53:00,false
BOO-00003,SHI-00003,not_enforced,approved,4739,PAR-00003,2026-01-28T03:58:00,true
BOO-00004,SHI-00004,normal,manual_hold,496,PAR-00004,2026-08-11T15:17:00,false
BOO-00005,SHI-00005,internal,approved,2939,PAR-00005,2026-02-28T20:08:00,false
BOO-00006,SHI-00006,legacy,queued,4896,PAR-00006,2026-07-30T22:26:00,false
BOO-00007,SHI-00007,not_enforced,failed,3217,PAR-00007,2026-09-16T18:45:00,true
BOO-00008,SHI-00008,requires_review,failed,4030,PAR-00008,2026-08-08T17:20:00,false
BOO-00009,SHI-00009,manual,manual_hold,1560,PAR-00009,2026-02-10T19:10:00,false
BOO-00010,SHI-00010,manual,manual_hold,2548,PAR-00010,2026-02-15T21:36:00,true
BOO-00011,SHI-00011,normal,approved,519,PAR-00011,2026-02-26T14:20:00,true
BOO-00012,SHI-00012,not_enforced,closed,1554,PAR-00012,2026-02-13T11:31:00,false
BOO-00013,SHI-00013,standard,closed,2869,PAR-00013,2026-03-18T00:58:00,false
BOO-00014,SHI-00014,standard,failed,590,PAR-00014,2026-02-08T23:25:00,false
BOO-00015,SHI-00015,standard,approved,1243,PAR-00015,2026-01-06T20:12:00,false
BOO-00016,SHI-00016,normal,closed,3261,PAR-00016,2026-09-14T21:44:00,true
BOO-00017,SHI-00017,pending,closed,3967,PAR-00017,2026-09-04T17:48:00,false
BOO-00018,SHI-00018,high_risk,new,3752,PAR-00018,2026-01-02T19:19:00,true
BOO-00019,SHI-00019,requires_review,new,2189,PAR-00019,2026-04-25T12:14:00,false
BOO-00020,SHI-00020,legacy,manual_hold,4805,PAR-00020,2026-05-13T21:33:00,true
BOO-00021,SHI-00021,ai_assisted,closed,3986,PAR-00021,2026-06-01T05:17:00,true
BOO-00022,SHI-00022,not_enforced,in_progress,2986,PAR-00022,2026-05-18T01:46:00,true
BOO-00023,SHI-00023,standard,queued,754,PAR-00023,2026-07-19T00:50:00,true
BOO-00024,SHI-00024,degraded,in_progress,2269,PAR-00024,2026-08-01T10:12:00,true
BOO-00025,SHI-00025,ai_assisted,in_progress,3908,PAR-00025,2026-07-20T16:27:00,false
BOO-00026,SHI-00026,normal,closed,4301,PAR-00026,2026-05-07T06:32:00,false
BOO-00027,SHI-00027,standard,approved,1190,PAR-00027,2026-06-24T16:32:00,true
BOO-00028,SHI-00028,ai_assisted,new,2952,PAR-00028,2026-06-21T10:04:00,false
BOO-00029,SHI-00029,normal,in_progress,3595,PAR-00029,2026-02-09T00:54:00,false
BOO-00030,SHI-00030,degraded,new,3798,PAR-00030,2026-02-13T16:16:00,true
BOO-00031,SHI-00031,approved,manual_hold,4014,PAR-00031,2026-02-03T21:12:00,false
BOO-00032,SHI-00032,approved,exception,3360,PAR-00032,2026-09-07T09:22:00,true
BOO-00033,SHI-00033,degraded,manual_hold,1713,PAR-00033,2026-07-19T14:15:00,false
BOO-00034,SHI-00034,pending,queued,2897,PAR-00034,2026-01-27T19:29:00,true
BOO-00035,SHI-00035,normal,approved,1315,PAR-00035,2026-06-11T16:37:00,false
BOO-00036,SHI-00036,standard,failed,3332,PAR-00036,2026-01-02T09:18:00,true
BOO-00037,SHI-00037,pending,new,1030,PAR-00037,2026-01-24T22:54:00,false
BOO-00038,SHI-00038,legacy,closed,981,PAR-00038,2026-03-23T17:49:00,true
BOO-00039,SHI-00039,normal,new,280,PAR-00039,2026-01-06T10:36:00,false
BOO-00040,SHI-00040,high_risk,failed,4565,PAR-00040,2026-03-04T14:37:00,false
BOO-00041,SHI-00041,degraded,new,4181,PAR-00041,2026-02-02T16:52:00,true
BOO-00042,SHI-00042,degraded,manual_hold,4099,PAR-00042,2026-01-09T21:26:00,false
BOO-00043,SHI-00043,legacy,closed,4573,PAR-00043,2026-04-28T18:29:00,true
BOO-00044,SHI-00044,approved,exception,3359,PAR-00044,2026-01-02T23:43:00,true
BOO-00045,SHI-00045,internal,new,3484,PAR-00045,2026-02-08T14:12:00,true
BOO-00046,SHI-00046,approved,manual_hold,2243,PAR-00046,2026-08-15T21:13:00,true
BOO-00047,SHI-00047,vendor,queued,4991,PAR-00047,2026-02-11T10:11:00,true
BOO-00048,SHI-00048,internal,closed,456,PAR-00048,2026-06-30T10:30:00,false
BOO-00049,SHI-00049,requires_review,in_progress,2656,PAR-00049,2026-08-23T16:56:00,true
BOO-00050,SHI-00050,internal,in_progress,327,PAR-00050,2026-09-03T07:59:00,false
BOO-00051,SHI-00051,requires_review,exception,3173,PAR-00051,2026-09-18T03:18:00,false
BOO-00052,SHI-00052,manual,new,1286,PAR-00052,2026-05-02T14:05:00,true
BOO-00053,SHI-00053,high_risk,in_progress,3622,PAR-00053,2026-07-15T19:05:00,false
BOO-00054,SHI-00054,legacy,in_progress,2783,PAR-00054,2026-08-02T17:04:00,false
BOO-00055,SHI-00055,vendor,exception,4923,PAR-00055,2026-02-06T21:18:00,false
BOO-00056,SHI-00056,ai_assisted,approved,4737,PAR-00056,2026-05-18T04:13:00,false
BOO-00057,SHI-00057,standard,new,2898,PAR-00057,2026-08-12T10:28:00,true
BOO-00058,SHI-00058,high_risk,queued,3642,PAR-00058,2026-04-12T03:52:00,true
BOO-00059,SHI-00059,manual,approved,1960,PAR-00059,2026-01-31T23:10:00,true
BOO-00060,SHI-00060,requires_review,manual_hold,1494,PAR-00060,2026-03-26T02:57:00,true
BOO-00061,SHI-00061,vendor,approved,1815,PAR-00061,2026-05-30T16:49:00,true
BOO-00062,SHI-00062,internal,closed,4863,PAR-00062,2026-03-02T19:23:00,false
BOO-00063,SHI-00063,high_risk,approved,2936,PAR-00063,2026-04-20T23:25:00,true
BOO-00064,SHI-00064,rejected,failed,2050,PAR-00064,2026-01-01T04:48:00,false
BOO-00065,SHI-00065,normal,failed,1362,PAR-00065,2026-01-13T00:08:00,true
BOO-00066,SHI-00066,manual,closed,4578,PAR-00066,2026-05-27T19:00:00,false
BOO-00067,SHI-00067,rejected,approved,2492,PAR-00067,2026-09-21T17:00:00,false
BOO-00068,SHI-00068,ai_assisted,new,2216,PAR-00068,2026-08-13T22:48:00,false
BOO-00069,SHI-00069,approved,exception,453,PAR-00069,2026-01-24T19:57:00,false
BOO-00070,SHI-00070,requires_review,manual_hold,1273,PAR-00070,2026-08-16T03:57:00,true
BOO-00071,SHI-00071,legacy,exception,4734,PAR-00071,2026-08-20T22:19:00,false
BOO-00072,SHI-00072,high_risk,new,1992,PAR-00072,2026-02-09T07:48:00,true
BOO-00073,SHI-00073,normal,exception,817,PAR-00073,2026-01-23T13:17:00,false
BOO-00074,SHI-00074,pending,failed,3724,PAR-00074,2026-01-20T08:54:00,true
BOO-00075,SHI-00075,standard,failed,2489,PAR-00075,2026-09-03T16:11:00,true
BOO-00076,SHI-00076,high_risk,closed,2051,PAR-00076,2026-04-30T10:01:00,true
BOO-00077,SHI-00077,rejected,new,350,PAR-00077,2026-04-21T05:53:00,false
BOO-00078,SHI-00078,vendor,manual_hold,2163,PAR-00078,2026-07-16T22:24:00,false
BOO-00079,SHI-00079,rejected,approved,3864,PAR-00079,2026-09-04T13:02:00,false
BOO-00080,SHI-00080,standard,failed,3205,PAR-00080,2026-03-02T22:51:00,true
BOO-00081,SHI-00081,high_risk,queued,903,PAR-00081,2026-01-11T00:23:00,true
BOO-00082,SHI-00082,rejected,new,3246,PAR-00082,2026-07-29T14:10:00,true
BOO-00083,SHI-00083,normal,in_progress,410,PAR-00083,2026-09-08T22:40:00,false
BOO-00084,SHI-00084,legacy,closed,833,PAR-00084,2026-03-13T10:53:00,true
BOO-00085,SHI-00085,not_enforced,in_progress,817,PAR-00085,2026-04-04T18:54:00,false
BOO-00086,SHI-00086,legacy,in_progress,2270,PAR-00086,2026-03-19T23:49:00,true
BOO-00087,SHI-00087,requires_review,failed,701,PAR-00087,2026-04-09T02:05:00,true
BOO-00088,SHI-00088,requires_review,in_progress,1171,PAR-00088,2026-06-25T11:57:00,true
BOO-00089,SHI-00089,not_enforced,approved,4261,PAR-00089,2026-04-12T07:23:00,false
BOO-00090,SHI-00090,legacy,closed,331,PAR-00090,2026-02-02T15:26:00,true
BOO-00091,SHI-00091,legacy,manual_hold,3811,PAR-00091,2026-01-13T11:00:00,true
BOO-00092,SHI-00092,standard,in_progress,3534,PAR-00092,2026-04-09T07:29:00,true
BOO-00093,SHI-00093,degraded,queued,771,PAR-00093,2026-04-01T03:30:00,false
BOO-00094,SHI-00094,vendor,manual_hold,1633,PAR-00094,2026-05-15T10:50:00,false
BOO-00095,SHI-00095,ai_assisted,new,1179,PAR-00095,2026-09-20T13:37:00,true
BOO-00096,SHI-00096,approved,queued,1813,PAR-00096,2026-09-18T12:22:00,true
BOO-00097,SHI-00097,internal,queued,2957,PAR-00097,2026-02-09T12:26:00,true
BOO-00098,SHI-00098,legacy,exception,2676,PAR-00098,2026-05-13T16:34:00,false
BOO-00099,SHI-00099,vendor,new,69,PAR-00099,2026-07-26T04:22:00,false
BOO-00100,SHI-00100,pending,manual_hold,667,PAR-00100,2026-05-27T06:06:00,false
BOO-00101,SHI-00101,manual,approved,2595,PAR-00101,2026-03-30T17:29:00,true
BOO-00102,SHI-00102,standard,closed,3721,PAR-00102,2026-05-06T02:08:00,true
BOO-00103,SHI-00103,approved,closed,124,PAR-00103,2026-05-29T10:57:00,false
BOO-00104,SHI-00104,ai_assisted,approved,4956,PAR-00104,2026-01-17T14:12:00,true
BOO-00105,SHI-00105,ai_assisted,new,1652,PAR-00105,2026-07-22T19:33:00,false
BOO-00106,SHI-00106,high_risk,approved,981,PAR-00106,2026-03-23T04:50:00,true
BOO-00107,SHI-00107,requires_review,failed,4566,PAR-00107,2026-08-29T02:32:00,false
BOO-00108,SHI-00108,manual,failed,3997,PAR-00108,2026-06-10T02:34:00,true
BOO-00109,SHI-00109,manual,in_progress,3076,PAR-00109,2026-06-17T00:43:00,false
BOO-00110,SHI-00110,vendor,new,3490,PAR-00110,2026-05-27T16:58:00,true
BOO-00111,SHI-00111,legacy,closed,2613,PAR-00111,2026-01-13T07:37:00,false
BOO-00112,SHI-00112,rejected,in_progress,1999,PAR-00112,2026-07-24T05:59:00,false
BOO-00113,SHI-00113,not_enforced,failed,1772,PAR-00113,2026-05-20T14:17:00,false
BOO-00114,SHI-00114,vendor,in_progress,3711,PAR-00114,2026-08-25T12:40:00,false
BOO-00115,SHI-00115,vendor,manual_hold,4867,PAR-00115,2026-03-05T18:57:00,false
BOO-00116,SHI-00116,normal,manual_hold,2584,PAR-00116,2026-09-02T07:04:00,true
BOO-00117,SHI-00117,approved,closed,2200,PAR-00117,2026-07-21T13:48:00,false
BOO-00118,SHI-00118,requires_review,new,2036,PAR-00118,2026-07-07T16:46:00,true
BOO-00119,SHI-00119,pending,exception,540,PAR-00119,2026-05-14T12:32:00,false
BOO-00120,SHI-00120,ai_assisted,manual_hold,2744,PAR-00120,2026-03-09T12:04:00,true
BOO-00121,SHI-00121,pending,approved,113,PAR-00121,2026-09-07T06:15:00,true
BOO-00122,SHI-00122,not_enforced,failed,3344,PAR-00122,2026-02-15T22:05:00,true
BOO-00123,SHI-00123,standard,approved,2813,PAR-00123,2026-07-20T10:31:00,true
BOO-00124,SHI-00124,high_risk,exception,4951,PAR-00124,2026-02-27T00:32:00,false
BOO-00125,SHI-00125,degraded,failed,3392,PAR-00125,2026-05-30T09:24:00,true
BOO-00126,SHI-00126,degraded,queued,1492,PAR-00126,2026-01-04T04:04:00,true
BOO-00127,SHI-00127,not_enforced,in_progress,1876,PAR-00127,2026-04-30T16:30:00,false
BOO-00128,SHI-00128,not_enforced,manual_hold,3291,PAR-00128,2026-02-18T22:15:00,false
BOO-00129,SHI-00129,manual,closed,664,PAR-00129,2026-01-10T18:13:00,true
BOO-00130,SHI-00130,rejected,new,2228,PAR-00130,2026-09-11T21:07:00,true
BOO-00131,SHI-00131,standard,queued,2294,PAR-00131,2026-02-07T00:10:00,false
BOO-00132,SHI-00132,ai_assisted,closed,4708,PAR-00132,2026-07-13T14:20:00,false
BOO-00133,SHI-00133,legacy,in_progress,1144,PAR-00133,2026-04-18T07:08:00,true
BOO-00134,SHI-00134,internal,in_progress,524,PAR-00134,2026-08-16T19:39:00,true
BOO-00135,SHI-00135,rejected,queued,3448,PAR-00135,2026-02-18T07:32:00,true
BOO-00136,SHI-00136,vendor,new,473,PAR-00136,2026-03-23T15:48:00,true
BOO-00137,SHI-00137,pending,failed,2247,PAR-00137,2026-01-13T03:53:00,false
BOO-00138,SHI-00138,vendor,failed,2973,PAR-00138,2026-07-08T03:06:00,false
BOO-00139,SHI-00139,not_enforced,approved,3502,PAR-00139,2026-07-16T23:49:00,true
BOO-00140,SHI-00140,degraded,in_progress,3533,PAR-00140,2026-07-29T07:00:00,true
BOO-00141,SHI-00141,standard,manual_hold,4386,PAR-00141,2026-07-21T13:08:00,false
BOO-00142,SHI-00142,normal,queued,1234,PAR-00142,2026-05-19T04:41:00,false
BOO-00143,SHI-00143,manual,exception,4052,PAR-00143,2026-08-10T05:45:00,true
BOO-00144,SHI-00144,pending,exception,4637,PAR-00144,2026-05-20T02:32:00,false
BOO-00145,SHI-00145,requires_review,exception,467,PAR-00145,2026-01-16T16:38:00,false
BOO-00146,SHI-00146,normal,manual_hold,1298,PAR-00146,2026-01-12T04:40:00,false
BOO-00147,SHI-00147,normal,closed,387,PAR-00147,2026-08-09T14:34:00,true
BOO-00148,SHI-00148,requires_review,failed,854,PAR-00148,2026-09-13T03:04:00,false
BOO-00149,SHI-00149,high_risk,exception,1720,PAR-00149,2026-01-24T12:00:00,true
BOO-00150,SHI-00150,legacy,exception,3877,PAR-00150,2026-09-21T07:15:00,true
BOO-00151,SHI-00151,degraded,manual_hold,3293,PAR-00151,2026-01-15T22:33:00,true
BOO-00152,SHI-00152,vendor,exception,2524,PAR-00152,2026-09-14T03:25:00,false
BOO-00153,SHI-00153,approved,queued,4627,PAR-00153,2026-06-29T03:04:00,true
BOO-00154,SHI-00154,not_enforced,manual_hold,4123,PAR-00154,2026-04-26T04:08:00,false
BOO-00155,SHI-00155,high_risk,manual_hold,1431,PAR-00155,2026-06-12T01:58:00,false
BOO-00156,SHI-00156,pending,manual_hold,4366,PAR-00156,2026-03-10T07:44:00,true
BOO-00157,SHI-00157,standard,approved,862,PAR-00157,2026-01-14T09:39:00,false
BOO-00158,SHI-00158,approved,failed,862,PAR-00158,2026-06-16T18:57:00,false
BOO-00159,SHI-00159,ai_assisted,failed,1601,PAR-00159,2026-06-25T11:21:00,true
BOO-00160,SHI-00160,standard,manual_hold,1738,PAR-00160,2026-06-23T18:02:00,true
BOO-00161,SHI-00161,approved,exception,3571,PAR-00161,2026-03-22T20:17:00,true
BOO-00162,SHI-00162,requires_review,failed,4568,PAR-00162,2026-02-26T07:09:00,false
BOO-00163,SHI-00163,not_enforced,new,2075,PAR-00163,2026-07-17T17:53:00,true
BOO-00164,SHI-00164,manual,approved,4929,PAR-00164,2026-05-18T00:35:00,true
BOO-00165,SHI-00165,legacy,failed,3821,PAR-00165,2026-01-16T19:20:00,true
BOO-00166,SHI-00166,rejected,approved,1334,PAR-00166,2026-09-06T15:32:00,true
BOO-00167,SHI-00167,degraded,queued,494,PAR-00167,2026-07-12T17:40:00,false
BOO-00168,SHI-00168,approved,exception,3914,PAR-00168,2026-09-16T21:18:00,false
BOO-00169,SHI-00169,approved,queued,3770,PAR-00169,2026-08-29T00:37:00,true
BOO-00170,SHI-00170,vendor,approved,4100,PAR-00170,2026-08-04T11:03:00,false
BOO-00171,SHI-00171,ai_assisted,exception,791,PAR-00171,2026-08-05T07:02:00,true
BOO-00172,SHI-00172,pending,in_progress,2629,PAR-00172,2026-03-26T01:16:00,false
BOO-00173,SHI-00173,standard,closed,639,PAR-00173,2026-01-09T22:14:00,true
BOO-00174,SHI-00174,ai_assisted,manual_hold,3920,PAR-00174,2026-07-05T12:30:00,true
BOO-00175,SHI-00175,requires_review,failed,4995,PAR-00175,2026-03-07T03:19:00,false
BOO-00176,SHI-00176,legacy,exception,3949,PAR-00176,2026-09-12T05:46:00,false
BOO-00177,SHI-00177,internal,new,3845,PAR-00177,2026-09-18T13:06:00,true
BOO-00178,SHI-00178,legacy,in_progress,994,PAR-00178,2026-03-09T20:55:00,true
BOO-00179,SHI-00179,approved,new,3982,PAR-00179,2026-05-16T18:26:00,true
BOO-00180,SHI-00180,approved,closed,3170,PAR-00180,2026-01-10T05:44:00,true
BOO-00181,SHI-00181,normal,failed,928,PAR-00181,2026-04-25T17:54:00,true
BOO-00182,SHI-00182,internal,queued,3374,PAR-00182,2026-02-19T17:58:00,true
BOO-00183,SHI-00183,requires_review,queued,3994,PAR-00183,2026-09-14T12:30:00,true
BOO-00184,SHI-00184,internal,new,3617,PAR-00184,2026-04-09T21:48:00,false
BOO-00185,SHI-00185,ai_assisted,in_progress,4006,PAR-00185,2026-08-13T08:34:00,true
BOO-00186,SHI-00186,manual,closed,3575,PAR-00186,2026-04-14T08:16:00,true
BOO-00187,SHI-00187,pending,approved,1708,PAR-00187,2026-04-24T19:51:00,true
BOO-00188,SHI-00188,normal,new,2993,PAR-00188,2026-01-02T10:44:00,false
BOO-00189,SHI-00189,approved,failed,2453,PAR-00189,2026-03-04T13:06:00,true
BOO-00190,SHI-00190,degraded,closed,923,PAR-00190,2026-08-06T11:37:00,false
BOO-00191,SHI-00191,not_enforced,failed,2775,PAR-00191,2026-02-04T13:17:00,true
BOO-00192,SHI-00192,legacy,failed,4061,PAR-00192,2026-01-04T16:20:00,false
BOO-00193,SHI-00193,normal,exception,2611,PAR-00193,2026-07-11T22:37:00,true
BOO-00194,SHI-00194,legacy,closed,1368,PAR-00194,2026-01-13T03:27:00,false
BOO-00195,SHI-00195,high_risk,queued,526,PAR-00195,2026-09-11T18:21:00,true
BOO-00196,SHI-00196,ai_assisted,failed,3395,PAR-00196,2026-05-06T22:03:00,false
BOO-00197,SHI-00197,vendor,in_progress,1986,PAR-00197,2026-05-11T14:17:00,true
BOO-00198,SHI-00198,approved,in_progress,275,PAR-00198,2026-06-07T16:32:00,false
BOO-00199,SHI-00199,not_enforced,queued,2709,PAR-00199,2026-01-18T04:19:00,false
BOO-00200,SHI-00200,manual,failed,1159,PAR-00200,2026-09-15T23:17:00,true
BOO-00201,SHI-00201,vendor,in_progress,376,PAR-00201,2026-07-20T06:59:00,true
BOO-00202,SHI-00202,pending,queued,2035,PAR-00202,2026-09-11T12:15:00,true
BOO-00203,SHI-00203,degraded,queued,2210,PAR-00203,2026-08-26T10:24:00,false
BOO-00204,SHI-00204,internal,manual_hold,3082,PAR-00204,2026-01-09T00:47:00,true
BOO-00205,SHI-00205,legacy,in_progress,1818,PAR-00205,2026-06-18T23:52:00,false
BOO-00206,SHI-00206,pending,failed,148,PAR-00206,2026-01-22T21:44:00,false
BOO-00207,SHI-00207,vendor,closed,1401,PAR-00207,2026-08-03T07:45:00,true
BOO-00208,SHI-00208,ai_assisted,closed,4246,PAR-00208,2026-03-06T11:04:00,false
BOO-00209,SHI-00209,normal,exception,4054,PAR-00209,2026-06-18T07:24:00,false
BOO-00210,SHI-00210,pending,exception,4497,PAR-00210,2026-04-05T05:05:00,true
BOO-00211,SHI-00211,manual,new,1196,PAR-00211,2026-03-03T10:43:00,true
BOO-00212,SHI-00212,vendor,in_progress,609,PAR-00212,2026-09-01T13:46:00,false
BOO-00213,SHI-00213,pending,new,2547,PAR-00213,2026-09-19T11:18:00,true
BOO-00214,SHI-00214,legacy,failed,3847,PAR-00214,2026-04-10T01:36:00,false
BOO-00215,SHI-00215,normal,queued,1766,PAR-00215,2026-01-18T17:57:00,false
BOO-00216,SHI-00216,standard,closed,1430,PAR-00216,2026-06-16T22:26:00,false
BOO-00217,SHI-00217,normal,in_progress,4512,PAR-00217,2026-02-03T02:02:00,true
BOO-00218,SHI-00218,ai_assisted,in_progress,4603,PAR-00218,2026-01-16T17:46:00,true
BOO-00219,SHI-00219,standard,failed,3806,PAR-00219,2026-02-05T20:07:00,true
BOO-00220,SHI-00220,internal,queued,3478,PAR-00220,2026-03-16T01:16:00,false
BOO-00221,SHI-00221,ai_assisted,new,1960,PAR-00221,2026-03-19T10:46:00,false
BOO-00222,SHI-00222,pending,closed,2370,PAR-00222,2026-09-08T23:38:00,true
BOO-00223,SHI-00223,degraded,failed,3278,PAR-00223,2026-04-21T05:45:00,false
BOO-00224,SHI-00224,vendor,approved,2507,PAR-00224,2026-08-17T14:29:00,true
BOO-00225,SHI-00225,high_risk,exception,62,PAR-00225,2026-07-14T15:17:00,false
BOO-00226,SHI-00226,vendor,exception,1393,PAR-00226,2026-06-07T10:23:00,false
BOO-00227,SHI-00227,degraded,queued,1976,PAR-00227,2026-05-16T23:20:00,false
BOO-00228,SHI-00228,legacy,failed,4933,PAR-00228,2026-05-11T23:58:00,false
BOO-00229,SHI-00229,normal,approved,446,PAR-00229,2026-03-21T08:10:00,true
BOO-00230,SHI-00230,degraded,closed,2318,PAR-00230,2026-07-30T00:55:00,true
BOO-00231,SHI-00231,vendor,queued,3808,PAR-00231,2026-03-15T16:27:00,false
BOO-00232,SHI-00232,approved,manual_hold,1036,PAR-00232,2026-04-10T10:24:00,true
BOO-00233,SHI-00233,manual,manual_hold,2728,PAR-00233,2026-04-16T17:49:00,true
BOO-00234,SHI-00234,not_enforced,manual_hold,3457,PAR-00234,2026-07-14T12:24:00,false
BOO-00235,SHI-00235,internal,new,2824,PAR-00235,2026-09-19T07:53:00,false
BOO-00236,SHI-00236,high_risk,manual_hold,1088,PAR-00236,2026-06-21T06:04:00,false
BOO-00237,SHI-00237,internal,new,2241,PAR-00237,2026-01-14T22:11:00,false
BOO-00238,SHI-00238,requires_review,in_progress,3472,PAR-00238,2026-01-31T08:31:00,false
BOO-00239,SHI-00239,normal,failed,1012,PAR-00239,2026-08-10T23:56:00,false
BOO-00240,SHI-00240,pending,failed,4867,PAR-00240,2026-03-03T16:35:00,true
BOO-00241,SHI-00241,degraded,closed,3913,PAR-00241,2026-03-27T22:46:00,false
BOO-00242,SHI-00242,requires_review,approved,3475,PAR-00242,2026-01-30T18:51:00,true
BOO-00243,SHI-00243,degraded,manual_hold,3425,PAR-00243,2026-02-23T09:15:00,true
BOO-00244,SHI-00244,approved,queued,1330,PAR-00244,2026-04-22T19:42:00,true
BOO-00245,SHI-00245,rejected,manual_hold,4493,PAR-00245,2026-08-26T17:56:00,true
BOO-00246,SHI-00246,vendor,manual_hold,1604,PAR-00246,2026-05-25T14:43:00,true
BOO-00247,SHI-00247,vendor,in_progress,2891,PAR-00247,2026-09-04T00:51:00,true
BOO-00248,SHI-00248,legacy,closed,1633,PAR-00248,2026-06-18T23:30:00,false
BOO-00249,SHI-00249,requires_review,failed,4375,PAR-00249,2026-04-02T19:07:00,false
BOO-00250,SHI-00250,approved,failed,739,PAR-00250,2026-08-13T05:02:00,false
BOO-00251,SHI-00251,pending,queued,51,PAR-00251,2026-07-08T12:11:00,true
BOO-00252,SHI-00252,rejected,manual_hold,3409,PAR-00252,2026-03-01T12:11:00,false
BOO-00253,SHI-00253,standard,exception,1091,PAR-00253,2026-01-24T22:53:00,false
BOO-00254,SHI-00254,vendor,manual_hold,4087,PAR-00254,2026-04-25T05:55:00,false
BOO-00255,SHI-00255,manual,approved,2065,PAR-00255,2026-04-27T15:50:00,true
BOO-00256,SHI-00256,requires_review,manual_hold,1725,PAR-00256,2026-02-02T09:38:00,true
BOO-00257,SHI-00257,legacy,closed,3291,PAR-00257,2026-02-26T00:16:00,false
BOO-00258,SHI-00258,requires_review,new,2705,PAR-00258,2026-09-03T15:49:00,false
BOO-00259,SHI-00259,normal,manual_hold,1456,PAR-00259,2026-07-30T13:11:00,false
BOO-00260,SHI-00260,ai_assisted,manual_hold,2089,PAR-00260,2026-03-30T02:48:00,false
BOO-00261,SHI-00261,standard,approved,222,PAR-00261,2026-06-08T20:07:00,false
BOO-00262,SHI-00262,approved,queued,2348,PAR-00262,2026-08-06T11:48:00,true
BOO-00263,SHI-00263,rejected,closed,1101,PAR-00263,2026-07-09T07:17:00,false
BOO-00264,SHI-00264,normal,exception,3750,PAR-00264,2026-01-02T07:05:00,false
BOO-00265,SHI-00265,rejected,exception,539,PAR-00265,2026-03-31T06:52:00,true
BOO-00266,SHI-00266,degraded,in_progress,4840,PAR-00266,2026-09-06T13:47:00,true
BOO-00267,SHI-00267,legacy,exception,3625,PAR-00267,2026-04-25T22:49:00,false
BOO-00268,SHI-00268,approved,closed,1795,PAR-00268,2026-07-18T02:05:00,false
BOO-00269,SHI-00269,legacy,in_progress,1162,PAR-00269,2026-07-30T04:58:00,false
BOO-00270,SHI-00270,pending,queued,545,PAR-00270,2026-05-16T12:21:00,true
BOO-00271,SHI-00271,rejected,new,4457,PAR-00271,2026-09-21T07:39:00,false
BOO-00272,SHI-00272,approved,queued,433,PAR-00272,2026-05-28T09:07:00,false
BOO-00273,SHI-00273,vendor,new,3394,PAR-00273,2026-01-15T08:35:00,true
BOO-00274,SHI-00274,approved,queued,2713,PAR-00274,2026-05-18T11:55:00,true
BOO-00275,SHI-00275,manual,closed,1831,PAR-00275,2026-07-17T07:18:00,false
BOO-00276,SHI-00276,legacy,closed,4528,PAR-00276,2026-05-01T04:03:00,true
BOO-00277,SHI-00277,manual,manual_hold,1161,PAR-00277,2026-07-05T10:45:00,true
BOO-00278,SHI-00278,manual,new,4301,PAR-00278,2026-08-12T13:39:00,true
BOO-00279,SHI-00279,manual,new,4850,PAR-00279,2026-02-10T15:30:00,true
BOO-00280,SHI-00280,internal,failed,3051,PAR-00280,2026-02-27T22:52:00,false
BOO-00281,SHI-00281,standard,new,3573,PAR-00281,2026-03-08T01:18:00,false
BOO-00282,SHI-00282,rejected,closed,228,PAR-00282,2026-05-12T23:19:00,false
BOO-00283,SHI-00283,high_risk,in_progress,4862,PAR-00283,2026-04-09T10:27:00,false
BOO-00284,SHI-00284,rejected,new,3632,PAR-00284,2026-04-14T10:38:00,true
BOO-00285,SHI-00285,pending,approved,1074,PAR-00285,2026-04-17T08:12:00,true
BOO-00286,SHI-00286,degraded,in_progress,1327,PAR-00286,2026-06-24T11:38:00,false
BOO-00287,SHI-00287,normal,queued,1306,PAR-00287,2026-02-06T08:00:00,true
BOO-00288,SHI-00288,degraded,approved,1264,PAR-00288,2026-04-12T14:35:00,false
BOO-00289,SHI-00289,pending,queued,2281,PAR-00289,2026-06-30T19:26:00,false
BOO-00290,SHI-00290,legacy,failed,3351,PAR-00290,2026-06-23T19:10:00,true
BOO-00291,SHI-00291,approved,exception,4113,PAR-00291,2026-01-30T03:07:00,true
BOO-00292,SHI-00292,manual,queued,2796,PAR-00292,2026-01-14T04:10:00,true
BOO-00293,SHI-00293,legacy,failed,4025,PAR-00293,2026-05-20T06:51:00,false
BOO-00294,SHI-00294,manual,queued,3618,PAR-00294,2026-03-08T08:29:00,true
BOO-00295,SHI-00295,legacy,new,1540,PAR-00295,2026-08-24T13:13:00,true
BOO-00296,SHI-00296,legacy,manual_hold,152,PAR-00296,2026-02-22T13:06:00,true
BOO-00297,SHI-00297,standard,failed,3173,PAR-00297,2026-04-17T03:59:00,true
BOO-00298,SHI-00298,normal,manual_hold,2865,PAR-00298,2026-03-06T17:44:00,true
BOO-00299,SHI-00299,standard,failed,3764,PAR-00299,2026-01-15T11:47:00,false
BOO-00300,SHI-00300,approved,failed,1943,PAR-00300,2026-08-14T05:43:00,true
BOO-00301,SHI-00301,vendor,closed,4987,PAR-00301,2026-09-17T03:57:00,false
BOO-00302,SHI-00302,vendor,closed,575,PAR-00302,2026-08-11T03:05:00,true
BOO-00303,SHI-00303,standard,closed,486,PAR-00303,2026-08-21T13:14:00,true
BOO-00304,SHI-00304,vendor,exception,4938,PAR-00304,2026-09-13T08:09:00,false
BOO-00305,SHI-00305,not_enforced,exception,2818,PAR-00305,2026-08-30T15:22:00,true
BOO-00306,SHI-00306,legacy,in_progress,4114,PAR-00306,2026-09-06T21:30:00,true
BOO-00307,SHI-00307,pending,queued,1089,PAR-00307,2026-04-03T07:21:00,false
BOO-00308,SHI-00308,normal,failed,218,PAR-00308,2026-07-17T01:57:00,true
BOO-00309,SHI-00309,standard,new,2669,PAR-00309,2026-08-25T19:10:00,true
BOO-00310,SHI-00310,rejected,manual_hold,212,PAR-00310,2026-06-16T23:59:00,true
BOO-00311,SHI-00311,pending,manual_hold,1599,PAR-00311,2026-06-02T14:14:00,true
BOO-00312,SHI-00312,legacy,closed,4564,PAR-00312,2026-05-05T07:50:00,true
BOO-00313,SHI-00313,not_enforced,queued,3696,PAR-00313,2026-08-16T06:44:00,true
BOO-00314,SHI-00314,not_enforced,in_progress,1638,PAR-00314,2026-08-29T07:50:00,false
BOO-00315,SHI-00315,approved,closed,732,PAR-00315,2026-02-12T20:17:00,true
BOO-00316,SHI-00316,requires_review,closed,2522,PAR-00316,2026-01-23T07:55:00,true
BOO-00317,SHI-00317,manual,in_progress,2286,PAR-00317,2026-02-18T06:21:00,true
BOO-00318,SHI-00318,rejected,queued,686,PAR-00318,2026-05-01T22:34:00,true
BOO-00319,SHI-00319,ai_assisted,queued,1783,PAR-00319,2026-03-01T00:11:00,false
BOO-00320,SHI-00320,manual,manual_hold,1791,PAR-00320,2026-05-13T06:42:00,true
BOO-00321,SHI-00321,vendor,approved,426,PAR-00321,2026-07-16T01:58:00,true
BOO-00322,SHI-00322,ai_assisted,failed,1900,PAR-00322,2026-07-26T19:53:00,false
BOO-00323,SHI-00323,manual,queued,610,PAR-00323,2026-08-18T15:13:00,false
BOO-00324,SHI-00324,not_enforced,queued,178,PAR-00324,2026-05-18T00:40:00,false
BOO-00325,SHI-00325,internal,manual_hold,3129,PAR-00325,2026-04-20T05:41:00,false
BOO-00326,SHI-00326,pending,queued,2720,PAR-00326,2026-08-03T01:33:00,false
BOO-00327,SHI-00327,high_risk,exception,3261,PAR-00327,2026-01-02T04:07:00,true
BOO-00328,SHI-00328,high_risk,in_progress,4952,PAR-00328,2026-01-20T02:15:00,false
BOO-00329,SHI-00329,requires_review,closed,2600,PAR-00329,2026-06-13T03:10:00,false
BOO-00330,SHI-00330,rejected,manual_hold,2636,PAR-00330,2026-08-20T17:51:00,false
BOO-00331,SHI-00331,vendor,manual_hold,4017,PAR-00331,2026-08-10T20:16:00,false
BOO-00332,SHI-00332,legacy,queued,640,PAR-00332,2026-08-31T01:29:00,false
BOO-00333,SHI-00333,standard,new,2519,PAR-00333,2026-02-24T06:07:00,true
BOO-00334,SHI-00334,internal,failed,1458,PAR-00334,2026-01-25T08:17:00,true
BOO-00335,SHI-00335,vendor,queued,3915,PAR-00335,2026-07-09T12:47:00,true
BOO-00336,SHI-00336,approved,approved,1152,PAR-00336,2026-01-08T01:57:00,false
BOO-00337,SHI-00337,manual,exception,4548,PAR-00337,2026-02-19T13:26:00,false
BOO-00338,SHI-00338,high_risk,manual_hold,3928,PAR-00338,2026-06-27T08:24:00,true
BOO-00339,SHI-00339,requires_review,queued,1736,PAR-00339,2026-03-26T22:10:00,true
BOO-00340,SHI-00340,not_enforced,approved,820,PAR-00340,2026-01-05T07:19:00,true
BOO-00341,SHI-00341,normal,manual_hold,1239,PAR-00341,2026-05-25T15:19:00,true
BOO-00342,SHI-00342,ai_assisted,manual_hold,1819,PAR-00342,2026-05-02T08:42:00,true
BOO-00343,SHI-00343,legacy,in_progress,2089,PAR-00343,2026-07-13T23:42:00,false
BOO-00344,SHI-00344,requires_review,closed,2393,PAR-00344,2026-02-21T19:14:00,true
BOO-00345,SHI-00345,ai_assisted,queued,2016,PAR-00345,2026-03-30T23:59:00,true
BOO-00346,SHI-00346,vendor,queued,3342,PAR-00346,2026-05-19T01:01:00,true
BOO-00347,SHI-00347,degraded,failed,4829,PAR-00347,2026-01-10T11:20:00,true
BOO-00348,SHI-00348,degraded,approved,2457,PAR-00348,2026-07-16T21:22:00,true
BOO-00349,SHI-00349,approved,exception,2225,PAR-00349,2026-04-26T11:00:00,false
BOO-00350,SHI-00350,standard,failed,254,PAR-00350,2026-07-23T13:27:00,true
BOO-00004,SHI-00005,internal,approved,2939,PAR-00005,2026-02-28T20:08:00,false
CAR-BAD1,,,,,,,
BOO-00013,SHI-00013,standard,closed,2869,PAR-00013,1900-01-01T00:00:00,false
BOO-00019,SHI-00019,requires_review,new,2189,PAR-00019,2026-04-25T12:14:00,false
