route_id,origin,destination,distance_km,restricted_zone_flag,weather_risk,border_risk,estimated_cost,eta_minutes
REC-0001,pending,degraded,3027.96,true,internal,approved,4707.1,3814
ROU-00002,vendor,ai_assisted,4431.22,true,legacy,legacy,4885.07,4744
ROU-00003,pending,not_enforced,5144.36,true,high_risk,degraded,7953.65,417
ROU-00004,legacy,high_risk,9295.96,true,normal,ai_assisted,7379.9,2981
ROU-00005,manual,legacy,9386.75,false,internal,high_risk,7704.86,2458
ROU-00006,high_risk,manual,932.84,true,internal,approved,1695.16,256
ROU-00007,legacy,ai_assisted,2108.64,true,requires_review,degraded,2111.73,632
ROU-00008,ai_assisted,internal,9605.0,true,rejected,standard,6965.16,4814
ROU-00009,rejected,vendor,24.08,true,manual,ai_assisted,8004.27,306
ROU-00010,approved,approved,1232.29,false,ai_assisted,internal,1374.48,1402
ROU-00011,manual,high_risk,521.5,true,pending,internal,1356.11,3787
ROU-00012,high_risk,pending,5473.79,true,ai_assisted,requires_review,1258.75,4477
ROU-00013,vendor,rejected,421.53,false,legacy,requires_review,7489.58,3974
ROU-00014,degraded,not_enforced,1619.51,true,standard,requires_review,55.27,4159
ROU-00015,legacy,requires_review,4743.53,true,requires_review,standard,335.09,4315
ROU-00016,manual,vendor,7603.62,false,manual,rejected,996.01,1077
ROU-00017,legacy,ai_assisted,5525.82,true,high_risk,rejected,2858.24,2562
ROU-00018,pending,approved,6452.76,true,internal,vendor,1046.53,1745
ROU-00019,standard,pending,7231.69,true,internal,high_risk,8327.03,1420
ROU-00020,degraded,vendor,51.75,false,pending,ai_assisted,7997.03,1099
ROU-00021,standard,manual,5357.44,false,high_risk,vendor,4763.46,2570
ROU-00022,manual,legacy,6992.76,true,degraded,internal,8172.46,2151
ROU-00023,pending,standard,8823.08,true,internal,not_enforced,6818.91,1165
ROU-00024,approved,manual,8113.37,true,normal,requires_review,1742.08,4684
ROU-00025,ai_assisted,requires_review,1357.75,true,manual,ai_assisted,649.35,1673
ROU-00026,normal,standard,9538.81,true,legacy,internal,8745.15,2218
ROU-00027,degraded,approved,7692.3,false,legacy,not_enforced,9100.05,1000
ROU-00028,legacy,pending,44.54,true,approved,pending,2466.46,1698
ROU-00029,standard,manual,6276.08,false,degraded,pending,9237.42,2312
ROU-00030,high_risk,vendor,9180.1,true,pending,pending,9505.3,4165
ROU-00031,approved,normal,6858.28,false,approved,degraded,5295.47,1566
ROU-00032,standard,pending,4770.71,false,rejected,standard,5265.6,2108
ROU-00033,normal,manual,1327.73,true,not_enforced,manual,4095.66,3931
ROU-00034,degraded,pending,3954.87,false,internal,legacy,7208.26,637
ROU-00035,rejected,normal,766.7,false,legacy,standard,6681.73,4690
ROU-00036,pending,degraded,5661.41,false,degraded,vendor,1844.11,1331
ROU-00037,degraded,not_enforced,498.55,false,high_risk,rejected,1768.79,582
ROU-00038,legacy,vendor,1663.84,true,pending,ai_assisted,2438.11,3489
ROU-00039,degraded,requires_review,8372.8,false,high_risk,manual,6224.89,4867
ROU-00040,standard,approved,4655.83,false,legacy,internal,6457.09,2273
ROU-00041,pending,standard,7949.34,false,degraded,standard,4797.69,3915
ROU-00042,standard,manual,8292.31,false,not_enforced,vendor,5281.47,3352
ROU-00043,degraded,manual,9912.57,false,approved,not_enforced,543.11,654
ROU-00044,degraded,high_risk,1916.86,false,not_enforced,normal,7081.83,2456
ROU-00045,ai_assisted,high_risk,570.69,false,manual,normal,4153.08,4112
ROU-00046,legacy,not_enforced,5911.34,false,internal,internal,6084.91,1272
ROU-00047,legacy,internal,6606.81,true,approved,approved,1458.1,4311
ROU-00048,normal,vendor,8915.75,true,manual,legacy,1128.44,2153
ROU-00049,internal,legacy,1231.72,true,manual,rejected,3549.66,1986
ROU-00050,requires_review,standard,4179.66,false,not_enforced,ai_assisted,3232.54,4409
ROU-00051,standard,approved,8794.01,false,approved,legacy,4963.05,1230
ROU-00052,high_risk,high_risk,4693.44,false,legacy,requires_review,256.54,3743
ROU-00053,not_enforced,ai_assisted,632.82,false,normal,vendor,3101.83,869
ROU-00054,internal,legacy,4194.4,false,vendor,requires_review,2334.67,4872
ROU-00055,standard,degraded,581.94,false,manual,degraded,609.85,783
ROU-00056,ai_assisted,pending,2735.45,false,internal,degraded,9046.9,4794
ROU-00057,high_risk,manual,9262.5,false,approved,standard,4132.95,1990
ROU-00058,high_risk,not_enforced,8952.47,true,standard,pending,5341.34,1043
ROU-00059,legacy,requires_review,5444.19,true,vendor,high_risk,455.51,3099
ROU-00060,high_risk,rejected,4569.03,true,manual,not_enforced,1475.71,110
ROU-00061,vendor,normal,4605.38,false,degraded,not_enforced,3288.79,1020
ROU-00062,standard,standard,2149.6,true,requires_review,normal,2772.17,4887
ROU-00063,standard,normal,5605.19,false,standard,internal,5567.75,730
ROU-00064,requires_review,normal,9955.54,true,manual,normal,7922.07,1665
ROU-00065,approved,legacy,3103.91,true,vendor,standard,6060.13,3887
ROU-00066,pending,degraded,3709.07,false,normal,normal,1278.05,4917
ROU-00067,internal,rejected,7620.16,false,vendor,standard,7569.15,4073
ROU-00068,high_risk,manual,2037.76,false,high_risk,manual,5391.51,4562
ROU-00069,requires_review,legacy,1754.62,false,standard,approved,8377.17,2343
ROU-00070,requires_review,high_risk,7108.85,true,legacy,pending,7932.53,4100
ROU-00071,ai_assisted,high_risk,9770.53,false,approved,legacy,4753.59,3415
ROU-00072,ai_assisted,ai_assisted,5182.84,true,rejected,vendor,3921.35,44
ROU-00073,legacy,manual,7287.69,false,pending,legacy,5111.89,939
ROU-00074,not_enforced,normal,1603.91,false,legacy,rejected,8996.53,2311
ROU-00075,not_enforced,high_risk,2210.74,false,ai_assisted,requires_review,1918.73,556
ROU-00076,manual,high_risk,2859.7,true,approved,pending,1750.05,4446
ROU-00077,degraded,normal,921.28,true,high_risk,internal,2654.1,504
ROU-00078,degraded,high_risk,9975.4,true,internal,ai_assisted,893.39,4090
ROU-00079,internal,vendor,1802.81,false,degraded,requires_review,2082.49,1501
ROU-00080,degraded,high_risk,6386.56,false,ai_assisted,normal,9373.91,3032
ROU-00081,pending,legacy,2295.31,false,degraded,normal,9457.09,702
ROU-00082,pending,degraded,9150.46,true,high_risk,rejected,2720.44,2105
ROU-00083,pending,ai_assisted,4181.39,false,rejected,degraded,5518.05,567
ROU-00084,internal,high_risk,8509.46,true,ai_assisted,legacy,5947.26,1290
ROU-00085,internal,high_risk,3892.53,false,manual,not_enforced,2575.49,4969
ROU-00086,not_enforced,pending,4279.65,true,ai_assisted,rejected,998.51,2071
ROU-00087,not_enforced,manual,3046.98,false,not_enforced,degraded,4805.37,2991
ROU-00088,internal,normal,4722.87,true,degraded,high_risk,6087.45,1418
ROU-00089,pending,high_risk,649.76,true,not_enforced,rejected,8802.97,175
ROU-00090,pending,legacy,3430.58,true,ai_assisted,ai_assisted,1203.2,3184
ROU-00091,legacy,rejected,4600.4,false,requires_review,pending,7989.29,1454
ROU-00092,manual,internal,8014.71,false,manual,standard,604.51,1436
ROU-00093,manual,manual,3064.05,true,ai_assisted,ai_assisted,2629.77,2548
ROU-00094,ai_assisted,pending,8466.02,true,rejected,rejected,8193.33,4584
ROU-00095,requires_review,requires_review,5797.77,false,rejected,high_risk,519.97,3683
ROU-00096,manual,not_enforced,8770.08,false,not_enforced,degraded,2593.55,1517
ROU-00097,internal,pending,9937.23,false,internal,rejected,2114.32,4261
ROU-00098,internal,not_enforced,2624.25,false,legacy,legacy,6679.52,1772
ROU-00099,internal,pending,2406.44,false,ai_assisted,high_risk,2387.53,4607
ROU-00100,vendor,degraded,1613.95,true,legacy,ai_assisted,437.14,3200
ROU-00101,rejected,approved,5893.82,false,not_enforced,rejected,2065.56,627
ROU-00102,rejected,requires_review,867.65,true,normal,degraded,9263.44,4266
ROU-00103,internal,ai_assisted,4117.29,false,rejected,manual,5066.46,4186
ROU-00104,approved,ai_assisted,5733.42,true,approved,rejected,3338.72,422
ROU-00105,normal,rejected,9985.94,false,requires_review,rejected,1197.07,4644
ROU-00106,approved,legacy,5891.57,true,pending,approved,2369.35,1507
ROU-00107,manual,manual,7204.08,true,degraded,normal,3394.2,1826
ROU-00108,requires_review,normal,2204.95,false,not_enforced,requires_review,9757.88,1620
ROU-00109,internal,high_risk,6599.27,false,not_enforced,vendor,9231.62,2412
ROU-00110,legacy,legacy,9334.48,false,rejected,internal,7042.64,3436
ROU-00111,standard,normal,8991.62,true,internal,approved,8096.73,3007
ROU-00112,vendor,approved,8381.52,false,degraded,pending,1656.18,3159
ROU-00113,vendor,vendor,2146.3,false,normal,manual,5446.99,2481
ROU-00114,pending,internal,4319.93,true,legacy,approved,9613.33,2277
ROU-00115,internal,internal,7215.49,true,normal,normal,6145.81,894
ROU-00116,manual,rejected,1072.69,false,manual,requires_review,5004.81,4088
ROU-00117,standard,approved,4058.92,false,normal,ai_assisted,3051.61,2016
ROU-00118,pending,approved,3644.93,true,standard,ai_assisted,8462.65,286
ROU-00119,rejected,standard,2375.75,true,requires_review,rejected,7704.61,2509
ROU-00120,legacy,internal,2148.47,false,approved,pending,7735.93,4871
ROU-00121,pending,requires_review,6393.73,true,degraded,not_enforced,9078.68,2908
ROU-00122,not_enforced,vendor,4379.65,false,legacy,normal,8717.01,204
ROU-00123,requires_review,internal,7220.66,true,high_risk,not_enforced,2259.67,4266
ROU-00124,standard,degraded,2335.18,true,pending,pending,5805.42,2212
ROU-00125,ai_assisted,standard,6198.04,false,not_enforced,degraded,2874.2,4917
ROU-00126,legacy,not_enforced,4613.37,false,normal,pending,3706.33,1663
ROU-00127,manual,not_enforced,2439.64,true,rejected,normal,8953.76,4170
ROU-00128,internal,approved,8352.63,true,vendor,requires_review,9960.43,2132
ROU-00129,pending,high_risk,9356.67,false,legacy,degraded,1078.47,4767
ROU-00130,vendor,manual,1100.05,false,normal,degraded,8035.51,4468
ROU-00131,approved,standard,7136.55,false,normal,manual,7461.53,4340
ROU-00132,normal,degraded,5999.06,false,manual,degraded,1005.98,1387
ROU-00133,normal,not_enforced,3528.37,true,high_risk,internal,26.61,2860
ROU-00134,not_enforced,degraded,7815.67,false,standard,pending,3273.23,4122
ROU-00135,internal,requires_review,4089.76,true,approved,high_risk,1373.12,2387
ROU-00136,not_enforced,ai_assisted,5612.08,true,internal,approved,2803.73,3608
ROU-00137,pending,ai_assisted,2628.1,true,high_risk,manual,416.81,599
ROU-00138,legacy,requires_review,1541.76,false,ai_assisted,not_enforced,3528.33,4697
ROU-00139,requires_review,pending,4461.92,false,legacy,degraded,6673.69,3941
ROU-00140,not_enforced,not_enforced,9265.16,true,requires_review,requires_review,4983.59,3176
ROU-00141,pending,manual,1575.7,true,normal,requires_review,4233.03,688
ROU-00142,normal,legacy,2181.65,true,pending,degraded,8667.43,1261
ROU-00143,normal,internal,9696.97,false,approved,not_enforced,3752.03,2378
ROU-00144,standard,standard,566.97,true,internal,legacy,7251.06,3233
ROU-00145,approved,standard,7674.32,false,internal,standard,2480.63,4777
ROU-00146,approved,ai_assisted,7485.74,false,degraded,legacy,2337.17,4518
ROU-00147,vendor,requires_review,5923.72,true,rejected,high_risk,4253.43,927
ROU-00148,legacy,manual,5253.76,false,rejected,not_enforced,5645.39,3999
ROU-00149,pending,ai_assisted,7118.45,false,normal,approved,4428.8,3530
ROU-00150,not_enforced,vendor,6209.93,true,requires_review,degraded,5233.17,3927
ROU-00151,approved,high_risk,2871.97,true,ai_assisted,manual,1885.57,4456
ROU-00152,requires_review,pending,1364.09,false,vendor,pending,6326.96,2801
ROU-00153,internal,manual,8140.89,false,high_risk,normal,5113.28,4204
ROU-00154,standard,ai_assisted,5760.82,false,manual,rejected,1374.02,1685
ROU-00155,manual,ai_assisted,5201.37,true,not_enforced,approved,3036.27,4698
ROU-00156,approved,standard,2188.74,false,internal,internal,3834.4,4369
ROU-00157,standard,not_enforced,4604.72,false,high_risk,high_risk,7738.05,3266
ROU-00158,high_risk,ai_assisted,4699.48,true,standard,not_enforced,77.31,225
ROU-00159,normal,rejected,3346.61,true,legacy,high_risk,3070.68,4948
ROU-00160,pending,ai_assisted,4316.21,true,pending,legacy,8646.25,2445
ROU-00161,internal,rejected,377.94,true,high_risk,internal,2134.88,1643
ROU-00162,vendor,not_enforced,3545.87,true,manual,pending,1211.9,3344
ROU-00163,standard,normal,9054.34,false,degraded,not_enforced,4689.38,1183
ROU-00164,pending,degraded,9649.81,true,internal,ai_assisted,1710.74,3122
ROU-00165,pending,manual,8322.96,false,standard,internal,6787.68,1511
ROU-00166,ai_assisted,pending,2934.31,true,manual,not_enforced,798.34,675
ROU-00167,requires_review,pending,7274.16,true,ai_assisted,degraded,3520.43,4052
ROU-00168,manual,rejected,9070.55,false,high_risk,requires_review,8938.59,267
ROU-00169,internal,requires_review,600.02,true,normal,degraded,2066.95,4524
ROU-00170,legacy,standard,6941.55,true,requires_review,ai_assisted,4315.84,1918
ROU-00171,approved,pending,6606.67,false,degraded,ai_assisted,5120.63,4891
ROU-00172,degraded,not_enforced,494.63,true,degraded,rejected,5854.51,4361
ROU-00173,legacy,standard,6798.66,true,ai_assisted,pending,4951.69,2387
ROU-00174,degraded,rejected,3732.16,true,ai_assisted,approved,4074.67,40
ROU-00175,rejected,vendor,4376.99,true,standard,not_enforced,3878.88,4296
ROU-00176,normal,internal,5820.17,false,standard,degraded,5787.55,1131
ROU-00177,requires_review,manual,2326.68,false,internal,not_enforced,2846.89,3035
ROU-00178,not_enforced,high_risk,5266.98,false,high_risk,standard,6903.87,916
ROU-00179,manual,pending,7189.39,true,normal,approved,3915.28,3420
ROU-00180,internal,approved,6737.41,true,approved,normal,6871.8,4472
ROU-00181,normal,ai_assisted,4185.12,true,rejected,rejected,1173.0,2029
ROU-00182,standard,vendor,1088.06,true,rejected,normal,1511.62,2846
ROU-00183,pending,degraded,4690.52,false,internal,not_enforced,7870.57,4995
ROU-00184,standard,vendor,3812.5,false,ai_assisted,approved,9322.89,1571
ROU-00185,internal,rejected,1026.22,false,normal,internal,2282.7,941
ROU-00186,approved,standard,9067.54,false,legacy,degraded,2339.15,4419
ROU-00187,vendor,approved,3712.33,true,pending,degraded,1730.08,1335
ROU-00188,requires_review,pending,3129.92,false,normal,ai_assisted,5137.8,3326
ROU-00189,degraded,ai_assisted,1292.36,true,high_risk,high_risk,7070.85,1321
ROU-00190,high_risk,requires_review,1616.77,false,requires_review,internal,9908.71,2022
ROU-00191,approved,vendor,315.16,true,normal,vendor,1276.34,4795
ROU-00192,ai_assisted,manual,1460.07,true,legacy,approved,6969.27,1065
ROU-00193,requires_review,normal,7381.45,false,internal,ai_assisted,8200.77,842
ROU-00194,approved,manual,3686.04,false,ai_assisted,vendor,8029.59,3997
ROU-00195,manual,requires_review,7466.23,false,normal,pending,4313.11,1584
ROU-00196,vendor,normal,3291.37,true,rejected,rejected,9352.09,2563
ROU-00197,not_enforced,normal,8367.4,true,pending,manual,2898.81,2068
ROU-00198,not_enforced,approved,6799.25,true,internal,vendor,4694.17,4396
ROU-00199,requires_review,manual,4304.92,false,high_risk,requires_review,2143.45,3
ROU-00200,normal,standard,2126.1,false,not_enforced,high_risk,8837.93,610
ROU-00201,approved,not_enforced,2839.12,true,high_risk,internal,3295.4,1981
ROU-00202,normal,degraded,9820.94,true,legacy,high_risk,1444.34,4797
ROU-00203,requires_review,manual,8271.3,true,requires_review,legacy,8945.04,3887
ROU-00204,standard,normal,9851.28,false,rejected,normal,9325.97,2273
ROU-00205,rejected,high_risk,3838.02,false,standard,normal,1912.73,2734
ROU-00206,standard,approved,9235.94,true,vendor,requires_review,8283.14,3916
ROU-00207,rejected,approved,601.04,true,rejected,manual,5152.5,3024
ROU-00208,degraded,internal,4567.11,false,internal,not_enforced,3843.06,2395
ROU-00209,degraded,manual,7663.66,true,legacy,high_risk,5663.67,372
ROU-00210,ai_assisted,rejected,8057.63,true,normal,legacy,9705.81,1451
ROU-00211,degraded,pending,5963.13,false,vendor,vendor,565.21,4490
ROU-00212,normal,high_risk,8719.88,true,internal,high_risk,2765.24,2076
ROU-00213,high_risk,degraded,8310.09,true,vendor,normal,5704.87,3463
ROU-00214,rejected,degraded,1346.91,false,high_risk,standard,7112.94,2420
ROU-00215,rejected,legacy,4433.42,false,ai_assisted,rejected,3093.16,3346
ROU-00216,pending,vendor,9976.76,false,vendor,vendor,3650.01,3675
ROU-00217,rejected,manual,957.71,true,not_enforced,approved,8545.63,4255
ROU-00218,rejected,not_enforced,4018.35,false,degraded,pending,3198.29,2323
ROU-00219,vendor,approved,3945.36,true,requires_review,not_enforced,4220.54,1372
ROU-00220,legacy,ai_assisted,2565.55,false,approved,approved,1837.52,127
ROU-00221,legacy,approved,5501.12,false,vendor,ai_assisted,7650.87,4231
ROU-00222,high_risk,requires_review,5894.33,true,ai_assisted,vendor,9163.43,1631
ROU-00223,ai_assisted,normal,1997.87,false,internal,degraded,846.64,4879
ROU-00224,rejected,ai_assisted,8829.55,true,legacy,approved,9667.54,1157
ROU-00225,requires_review,manual,317.21,false,pending,rejected,8004.87,1352
ROU-00226,normal,approved,6446.08,true,degraded,high_risk,7439.9,3008
ROU-00227,requires_review,not_enforced,6046.52,true,ai_assisted,degraded,8836.0,2653
ROU-00228,standard,normal,9512.29,true,requires_review,internal,9509.44,1398
ROU-00229,pending,requires_review,6673.38,true,ai_assisted,pending,3855.17,4200
ROU-00230,legacy,internal,5934.34,true,standard,high_risk,9263.32,75
ROU-00231,rejected,legacy,3116.08,false,rejected,normal,7870.54,1524
ROU-00232,vendor,high_risk,1561.06,true,normal,approved,7624.55,2602
ROU-00233,not_enforced,approved,789.07,true,requires_review,high_risk,3920.54,2014
ROU-00234,rejected,manual,7562.4,true,internal,legacy,4792.04,425
ROU-00235,ai_assisted,normal,7682.27,true,internal,manual,1873.5,1574
ROU-00236,vendor,ai_assisted,631.51,true,approved,approved,8256.01,151
ROU-00237,internal,manual,1718.66,false,high_risk,manual,1095.85,3872
ROU-00238,not_enforced,pending,1534.56,false,internal,internal,3740.47,3244
ROU-00239,not_enforced,rejected,5538.14,false,high_risk,degraded,2124.33,4756
ROU-00240,not_enforced,not_enforced,4173.71,true,normal,legacy,6667.55,1474
ROU-00241,internal,manual,9076.99,false,degraded,normal,9995.55,3250
ROU-00242,standard,degraded,1176.96,true,ai_assisted,requires_review,3507.51,4275
ROU-00243,internal,high_risk,4575.35,false,pending,internal,9396.2,4656
ROU-00244,requires_review,legacy,4351.9,false,requires_review,pending,1118.42,3199
ROU-00245,pending,vendor,9962.85,false,ai_assisted,approved,2435.62,680
ROU-00246,pending,high_risk,8368.48,false,ai_assisted,ai_assisted,624.07,362
ROU-00247,vendor,ai_assisted,3127.5,true,legacy,ai_assisted,9139.14,3587
ROU-00248,high_risk,rejected,5209.8,false,pending,ai_assisted,149.67,2183
ROU-00249,internal,manual,618.13,false,vendor,approved,1136.51,2408
ROU-00250,vendor,vendor,6001.12,false,pending,approved,5941.78,1173
ROU-00251,rejected,manual,4796.99,true,internal,vendor,3744.18,1145
ROU-00252,high_risk,ai_assisted,4643.0,false,standard,degraded,5629.36,581
ROU-00253,manual,degraded,5496.32,false,normal,standard,1881.71,696
ROU-00254,pending,requires_review,6373.01,true,normal,high_risk,3541.76,4274
ROU-00255,standard,legacy,2760.96,false,manual,not_enforced,1272.11,2728
ROU-00256,ai_assisted,rejected,4839.97,true,manual,pending,1658.59,977
ROU-00257,high_risk,pending,295.51,false,not_enforced,not_enforced,1668.95,3731
ROU-00258,pending,high_risk,6097.78,true,manual,pending,3514.57,2183
ROU-00259,legacy,normal,7347.55,true,rejected,high_risk,4677.73,4262
ROU-00260,legacy,normal,9347.71,true,requires_review,requires_review,6812.36,1413
ROU-00261,pending,ai_assisted,2249.74,true,high_risk,requires_review,2435.17,3640
ROU-00262,high_risk,rejected,5107.52,true,pending,not_enforced,9437.43,239
ROU-00263,vendor,approved,639.58,true,approved,approved,8499.31,1067
ROU-00264,requires_review,approved,4894.15,false,pending,rejected,8459.56,4544
ROU-00265,degraded,requires_review,5817.55,false,vendor,pending,4191.27,696
ROU-00266,ai_assisted,requires_review,7843.77,false,manual,degraded,7092.38,536
ROU-00267,manual,not_enforced,9519.64,true,pending,normal,9070.25,2883
ROU-00268,high_risk,not_enforced,6445.49,false,not_enforced,vendor,4323.63,3562
ROU-00269,manual,ai_assisted,4972.61,false,approved,pending,4719.43,2475
ROU-00270,high_risk,manual,4419.37,false,normal,requires_review,8272.24,598
ROU-00271,approved,legacy,2331.09,false,high_risk,not_enforced,6501.41,4659
ROU-00272,standard,standard,8351.37,false,pending,not_enforced,3695.54,2244
ROU-00273,degraded,rejected,2303.63,false,legacy,standard,9112.31,3399
ROU-00274,normal,normal,8729.43,true,legacy,internal,382.85,1754
ROU-00275,ai_assisted,pending,4250.31,false,approved,pending,5604.64,4046
ROU-00276,internal,normal,1990.79,true,internal,not_enforced,5333.8,1480
ROU-00277,normal,rejected,4608.14,true,normal,rejected,3178.72,54
ROU-00278,approved,rejected,9418.08,false,legacy,ai_assisted,3902.17,3707
ROU-00279,vendor,rejected,7165.18,true,degraded,pending,1815.13,1235
ROU-00280,normal,pending,7626.31,false,rejected,ai_assisted,4030.04,103
ROU-00281,degraded,legacy,3444.59,true,vendor,degraded,7420.76,1986
ROU-00282,legacy,degraded,7240.6,true,approved,not_enforced,9024.07,2897
ROU-00283,rejected,approved,9781.63,false,manual,internal,3120.85,2249
ROU-00284,pending,not_enforced,4089.56,true,legacy,legacy,1349.54,4695
ROU-00285,requires_review,legacy,7147.16,false,degraded,pending,6509.64,4027
ROU-00286,degraded,not_enforced,8107.05,true,high_risk,internal,9859.56,1574
ROU-00287,requires_review,approved,7401.75,true,degraded,not_enforced,8643.37,2328
ROU-00288,requires_review,degraded,4780.39,false,ai_assisted,ai_assisted,4446.79,993
ROU-00289,normal,degraded,2047.99,true,requires_review,pending,5641.08,3323
ROU-00290,rejected,normal,8138.02,true,high_risk,requires_review,9289.55,992
ROU-00291,high_risk,internal,4357.67,false,legacy,requires_review,8089.63,1584
ROU-00292,pending,legacy,9350.4,false,legacy,ai_assisted,7618.41,3551
ROU-00293,not_enforced,rejected,1851.69,false,pending,degraded,8059.62,3458
ROU-00294,legacy,pending,3513.7,true,approved,standard,7619.65,1172
ROU-00295,degraded,pending,7526.77,true,not_enforced,ai_assisted,7289.38,855
ROU-00296,vendor,requires_review,6281.73,true,degraded,not_enforced,4944.55,310
ROU-00297,vendor,degraded,7223.94,true,standard,rejected,8784.38,3754
ROU-00298,high_risk,manual,4552.18,false,ai_assisted,rejected,7281.23,260
ROU-00299,requires_review,vendor,3503.94,false,high_risk,manual,6851.72,1887
ROU-00300,vendor,pending,6038.05,false,internal,not_enforced,6504.38,2752
ROU-00301,legacy,approved,8651.9,true,approved,degraded,9619.9,1082
ROU-00302,not_enforced,vendor,9736.54,true,internal,not_enforced,4841.28,1845
ROU-00303,high_risk,rejected,4879.67,false,requires_review,normal,3593.18,2770
ROU-00304,not_enforced,not_enforced,8243.06,true,rejected,degraded,1453.47,4032
ROU-00305,not_enforced,rejected,6420.18,false,vendor,not_enforced,8608.56,2721
ROU-00306,not_enforced,not_enforced,4795.25,true,ai_assisted,internal,6830.31,2548
ROU-00307,not_enforced,not_enforced,8106.51,true,normal,approved,8243.67,983
ROU-00308,rejected,internal,2599.95,true,normal,internal,3063.45,3268
ROU-00309,rejected,normal,4383.56,false,degraded,vendor,4046.51,1565
ROU-00310,high_risk,degraded,9272.29,false,manual,ai_assisted,4605.15,1190
ROU-00311,manual,standard,7708.07,true,high_risk,degraded,4563.51,738
ROU-00312,pending,rejected,7518.37,false,high_risk,normal,5667.34,1707
ROU-00313,vendor,not_enforced,6939.44,true,vendor,internal,7544.29,4065
ROU-00314,ai_assisted,normal,1827.49,false,internal,not_enforced,8819.38,625
ROU-00315,high_risk,internal,7246.57,true,pending,approved,5610.43,3524
ROU-00316,not_enforced,vendor,2322.9,true,vendor,not_enforced,467.44,34
ROU-00317,rejected,standard,7652.15,true,not_enforced,normal,5771.4,194
ROU-00318,requires_review,not_enforced,2583.71,true,normal,rejected,796.29,3742
ROU-00319,normal,high_risk,4492.75,false,high_risk,rejected,9106.76,3319
ROU-00320,vendor,approved,5534.25,false,normal,ai_assisted,2718.88,4415
ROU-00321,pending,degraded,8048.01,false,legacy,approved,2890.87,4021
ROU-00322,approved,manual,1768.59,true,legacy,degraded,5782.9,1551
ROU-00323,standard,standard,732.95,true,manual,pending,7951.27,1380
ROU-00324,legacy,manual,5950.85,true,approved,degraded,5869.44,4671
ROU-00325,vendor,approved,5278.41,false,rejected,requires_review,6000.63,1739
ROU-00326,requires_review,approved,9094.88,true,vendor,requires_review,7044.11,3407
ROU-00327,degraded,ai_assisted,6924.52,true,internal,degraded,3587.89,2903
ROU-00328,high_risk,approved,7682.62,false,pending,internal,1758.77,2125
ROU-00329,rejected,vendor,1205.19,false,rejected,manual,7811.89,805
ROU-00330,normal,standard,9324.68,false,normal,rejected,4473.26,4053
ROU-00331,legacy,internal,3748.39,true,normal,not_enforced,4692.46,3151
ROU-00332,ai_assisted,manual,3007.74,true,vendor,degraded,4319.11,919
ROU-00333,approved,legacy,5876.77,false,manual,high_risk,7713.96,2662
ROU-00334,not_enforced,normal,4553.86,false,not_enforced,requires_review,3164.48,4623
ROU-00335,manual,not_enforced,7196.71,false,vendor,legacy,8926.46,4448
ROU-00336,rejected,rejected,2709.12,false,legacy,requires_review,1881.98,4993
ROU-00337,high_risk,vendor,2027.0,true,approved,rejected,5115.32,2372
ROU-00338,requires_review,degraded,573.17,false,requires_review,rejected,352.53,1511
ROU-00339,manual,vendor,5300.72,false,legacy,normal,602.45,723
ROU-00340,rejected,ai_assisted,4203.14,false,rejected,internal,199.38,3480
ROU-00341,high_risk,vendor,2085.91,true,degraded,legacy,230.13,941
ROU-00342,approved,pending,2521.94,false,approved,degraded,5174.14,33
ROU-00343,ai_assisted,legacy,4214.43,false,requires_review,standard,2597.36,740
ROU-00344,pending,vendor,9555.13,false,not_enforced,legacy,6496.99,948
ROU-00345,manual,normal,1977.7,false,internal,degraded,6003.93,2806
ROU-00346,internal,manual,9020.18,true,legacy,vendor,7127.69,127
ROU-00347,not_enforced,approved,9690.14,false,rejected,approved,332.94,1261
ROU-00348,approved,normal,8313.23,false,approved,not_enforced,9413.47,1372
ROU-00349,legacy,internal,1342.07,true,ai_assisted,requires_review,4149.52,1820
ROU-00350,not_enforced,pending,8315.72,false,internal,normal,3966.8,2498
ROU-00004,manual,legacy,9386.75,false,internal,high_risk,7704.86,2458
ROU-BAD1,,,,,,,,
ROU-00013,vendor,rejected,421.53,false,legacy,requires_review,7489.58,3974
ROU-00019,standard,pending,7231.69,true,1.42,high_risk,8327.03,1420
