shipment_id,customer_id,origin,destination,service_tier,declared_weight_kg,actual_weight_kg,promised_at,status,customs_required,temperature_controlled
REC-0001,CUS-00001,standard,internal,not_enforced,8732.14,8199.98,2026-05-31T04:22:00,queued,false,false
SHI-00002,CUS-00002,manual,requires_review,approved,2034.82,600.31,2026-08-15T10:05:00,new,false,true
SHI-00003,CUS-00003,approved,approved,not_enforced,9940.21,8689.92,2026-07-08T01:21:00,queued,true,true
SHI-00004,CUS-00004,internal,rejected,approved,7937.27,4943.31,2026-01-06T22:29:00,in_progress,true,false
SHI-00005,CUS-00005,requires_review,rejected,requires_review,4174.0,6417.12,2026-08-29T07:39:00,failed,false,false
SHI-00006,CUS-00006,legacy,legacy,vendor,1191.21,5743.84,2026-09-02T09:44:00,new,true,true
SHI-00007,CUS-00007,requires_review,high_risk,ai_assisted,7031.54,9937.39,2026-07-26T07:39:00,new,true,false
SHI-00008,CUS-00008,normal,pending,ai_assisted,4576.34,2622.54,2026-06-19T15:52:00,in_progress,true,true
SHI-00009,CUS-00009,pending,manual,legacy,7780.73,38.54,2026-02-19T05:30:00,closed,false,false
SHI-00010,CUS-00010,approved,degraded,manual,864.6,8346.66,2026-08-16T09:15:00,approved,true,true
SHI-00011,CUS-00011,pending,rejected,pending,4495.3,3777.66,2026-02-06T13:53:00,failed,false,true
SHI-00012,CUS-00012,legacy,approved,not_enforced,2319.29,8356.2,2026-05-27T19:39:00,closed,false,false
SHI-00013,CUS-00013,manual,requires_review,requires_review,1988.54,950.66,2026-05-07T01:08:00,failed,true,false
SHI-00014,CUS-00014,vendor,normal,degraded,6006.76,4567.71,2026-03-02T18:38:00,approved,true,false
SHI-00015,CUS-00015,vendor,pending,requires_review,4612.94,3900.21,2026-06-12T09:12:00,in_progress,true,true
SHI-00016,CUS-00016,requires_review,vendor,pending,3018.2,3534.99,2026-06-22T05:48:00,failed,true,false
SHI-00017,CUS-00017,standard,not_enforced,internal,7614.55,758.29,2026-01-12T19:11:00,manual_hold,false,true
SHI-00018,CUS-00018,approved,pending,internal,4003.31,9262.45,2026-04-02T00:55:00,failed,true,true
SHI-00019,CUS-00019,degraded,legacy,ai_assisted,9786.47,4404.2,2026-03-10T22:28:00,new,false,true
SHI-00020,CUS-00020,normal,legacy,legacy,4042.51,9463.38,2026-02-05T17:05:00,closed,true,false
SHI-00021,CUS-00021,manual,pending,high_risk,7489.05,7250.18,2026-01-12T06:58:00,new,false,true
SHI-00022,CUS-00022,rejected,standard,high_risk,1338.9,9657.23,2026-03-08T16:49:00,approved,false,true
SHI-00023,CUS-00023,manual,approved,not_enforced,316.98,6826.51,2026-07-26T10:36:00,in_progress,true,true
SHI-00024,CUS-00024,normal,pending,not_enforced,7519.28,6045.87,2026-07-05T00:23:00,in_progress,false,false
SHI-00025,CUS-00025,normal,vendor,degraded,296.4,3719.63,2026-03-20T12:34:00,new,false,true
SHI-00026,CUS-00026,standard,internal,not_enforced,6052.07,6739.17,2026-02-12T04:16:00,closed,true,false
SHI-00027,CUS-00027,vendor,ai_assisted,high_risk,6488.21,7505.95,2026-05-20T17:34:00,exception,false,true
SHI-00028,CUS-00028,not_enforced,standard,approved,5254.3,4338.19,2026-06-25T08:24:00,approved,true,false
SHI-00029,CUS-00029,degraded,pending,normal,9874.54,5380.63,2026-08-16T21:01:00,in_progress,false,false
SHI-00030,CUS-00030,ai_assisted,approved,rejected,1326.23,6361.05,2026-06-30T06:28:00,failed,true,false
SHI-00031,CUS-00031,manual,manual,pending,3734.81,4301.19,2026-03-02T22:22:00,failed,true,false
SHI-00032,CUS-00032,not_enforced,internal,high_risk,5405.26,6051.18,2026-03-19T09:22:00,approved,false,true
SHI-00033,CUS-00033,vendor,legacy,requires_review,4050.01,6300.96,2026-06-28T11:21:00,failed,true,true
SHI-00034,CUS-00034,legacy,normal,degraded,9913.36,5745.08,2026-03-12T10:22:00,exception,true,false
SHI-00035,CUS-00035,standard,pending,internal,8225.58,9081.26,2026-02-10T12:04:00,exception,true,false
SHI-00036,CUS-00036,normal,normal,internal,5882.8,536.41,2026-03-29T22:51:00,manual_hold,false,true
SHI-00037,CUS-00037,requires_review,vendor,not_enforced,2502.52,4666.18,2026-06-01T05:50:00,failed,false,false
SHI-00038,CUS-00038,approved,standard,approved,6906.88,5283.7,2026-02-06T06:08:00,in_progress,false,false
SHI-00039,CUS-00039,rejected,degraded,legacy,1823.94,3707.73,2026-06-19T19:57:00,exception,false,false
SHI-00040,CUS-00040,internal,requires_review,vendor,9888.25,2231.11,2026-08-21T16:57:00,queued,false,true
SHI-00041,CUS-00041,requires_review,internal,standard,3963.4,9491.43,2026-04-28T15:39:00,failed,false,false
SHI-00042,CUS-00042,degraded,degraded,manual,1891.62,4568.53,2026-03-08T07:52:00,exception,true,true
SHI-00043,CUS-00043,legacy,vendor,requires_review,3132.94,4109.25,2026-02-22T12:44:00,manual_hold,true,false
SHI-00044,CUS-00044,ai_assisted,not_enforced,ai_assisted,6092.84,3468.03,2026-05-30T14:54:00,manual_hold,true,false
SHI-00045,CUS-00045,normal,requires_review,legacy,5403.43,8582.56,2026-09-12T18:19:00,exception,true,true
SHI-00046,CUS-00046,requires_review,ai_assisted,degraded,7684.74,3614.28,2026-08-27T15:38:00,approved,true,false
SHI-00047,CUS-00047,ai_assisted,approved,normal,1785.12,798.44,2026-07-08T14:25:00,new,true,false
SHI-00048,CUS-00048,standard,vendor,not_enforced,3874.54,3260.93,2026-03-24T23:23:00,exception,true,true
SHI-00049,CUS-00049,approved,standard,vendor,321.89,1764.54,2026-09-15T06:53:00,queued,false,false
SHI-00050,CUS-00050,high_risk,not_enforced,not_enforced,8237.94,3459.0,2026-06-24T09:52:00,in_progress,true,false
SHI-00051,CUS-00051,legacy,requires_review,ai_assisted,1149.16,5364.62,2026-04-05T18:07:00,in_progress,true,true
SHI-00052,CUS-00052,manual,standard,high_risk,7866.7,5896.6,2026-08-16T01:50:00,exception,true,true
SHI-00053,CUS-00053,approved,degraded,manual,1258.73,9967.27,2026-06-08T05:59:00,exception,false,true
SHI-00054,CUS-00054,vendor,internal,internal,6467.23,2867.34,2026-04-16T04:20:00,in_progress,false,true
SHI-00055,CUS-00055,normal,legacy,rejected,1624.75,3144.1,2026-08-26T13:50:00,manual_hold,false,true
SHI-00056,CUS-00056,legacy,requires_review,manual,4908.38,7132.66,2026-01-20T07:13:00,manual_hold,true,false
SHI-00057,CUS-00057,internal,degraded,not_enforced,8826.03,9577.99,2026-09-03T18:10:00,in_progress,false,true
SHI-00058,CUS-00058,vendor,manual,high_risk,339.57,7167.28,2026-04-21T01:28:00,failed,false,true
SHI-00059,CUS-00059,normal,legacy,high_risk,3523.99,1487.46,2026-03-11T19:51:00,closed,true,false
SHI-00060,CUS-00060,requires_review,rejected,rejected,1564.93,4901.97,2026-09-02T08:54:00,in_progress,true,false
SHI-00061,CUS-00061,requires_review,pending,rejected,9945.83,4861.81,2026-04-12T10:49:00,queued,true,true
SHI-00062,CUS-00062,approved,standard,standard,9086.96,4015.08,2026-03-17T14:30:00,manual_hold,true,false
SHI-00063,CUS-00063,vendor,manual,vendor,5777.79,6982.96,2026-04-25T19:32:00,manual_hold,true,true
SHI-00064,CUS-00064,standard,approved,ai_assisted,240.73,7731.51,2026-02-10T13:19:00,closed,false,false
SHI-00065,CUS-00065,approved,degraded,legacy,8041.24,593.74,2026-03-11T12:43:00,failed,false,false
SHI-00066,CUS-00066,legacy,high_risk,rejected,8298.44,7811.36,2026-09-18T13:06:00,new,false,true
SHI-00067,CUS-00067,ai_assisted,manual,internal,1560.38,9709.71,2026-05-09T21:08:00,failed,true,false
SHI-00068,CUS-00068,internal,manual,manual,3776.41,3446.14,2026-07-16T17:10:00,in_progress,false,false
SHI-00069,CUS-00069,pending,approved,internal,2308.63,2871.48,2026-01-09T09:07:00,in_progress,false,true
SHI-00070,CUS-00070,standard,vendor,manual,4008.42,3206.86,2026-05-03T19:32:00,failed,false,false
SHI-00071,CUS-00071,legacy,internal,standard,4609.52,345.95,2026-07-22T04:56:00,manual_hold,false,false
SHI-00072,CUS-00072,legacy,manual,requires_review,1227.33,3340.08,2026-01-06T22:24:00,queued,true,false
SHI-00073,CUS-00073,internal,high_risk,normal,4517.33,6135.94,2026-06-21T07:04:00,manual_hold,false,true
SHI-00074,CUS-00074,normal,rejected,approved,1233.41,1894.71,2026-02-12T05:57:00,failed,false,true
SHI-00075,CUS-00075,degraded,not_enforced,rejected,3660.36,565.45,2026-03-15T11:07:00,new,false,true
SHI-00076,CUS-00076,legacy,not_enforced,rejected,1894.83,1107.94,2026-02-03T04:23:00,closed,true,false
SHI-00077,CUS-00077,requires_review,high_risk,internal,686.16,8922.76,2026-01-15T03:25:00,queued,false,false
SHI-00078,CUS-00078,requires_review,high_risk,requires_review,241.28,9092.25,2026-06-20T02:45:00,failed,false,false
SHI-00079,CUS-00079,approved,manual,not_enforced,801.01,7540.6,2026-03-02T10:10:00,queued,true,true
SHI-00080,CUS-00080,internal,vendor,high_risk,530.79,6550.55,2026-03-01T20:19:00,queued,false,true
SHI-00081,CUS-00081,approved,normal,ai_assisted,382.68,3101.19,2026-05-19T19:28:00,exception,true,true
SHI-00082,CUS-00082,manual,high_risk,not_enforced,7191.35,4569.71,2026-02-18T22:09:00,failed,true,false
SHI-00083,CUS-00083,degraded,vendor,not_enforced,6663.12,4415.17,2026-07-23T16:40:00,failed,false,false
SHI-00084,CUS-00084,not_enforced,degraded,not_enforced,1487.21,234.87,2026-01-11T02:26:00,new,true,true
SHI-00085,CUS-00085,ai_assisted,rejected,requires_review,1334.56,6414.72,2026-06-21T02:12:00,new,true,false
SHI-00086,CUS-00086,pending,vendor,internal,5851.28,5864.16,2026-02-12T09:59:00,failed,false,false
SHI-00087,CUS-00087,standard,degraded,degraded,9792.33,4449.51,2026-03-23T17:04:00,exception,true,false
SHI-00088,CUS-00088,approved,pending,ai_assisted,437.75,8040.89,2026-02-25T06:06:00,queued,false,false
SHI-00089,CUS-00089,legacy,high_risk,not_enforced,9561.45,3576.68,2026-06-27T13:19:00,in_progress,true,false
SHI-00090,CUS-00090,not_enforced,degraded,requires_review,2348.95,5968.29,2026-06-17T04:29:00,in_progress,true,true
SHI-00091,CUS-00091,pending,standard,vendor,1627.05,8598.26,2026-02-10T22:17:00,in_progress,false,false
SHI-00092,CUS-00092,approved,rejected,manual,1680.21,5779.89,2026-06-20T09:15:00,failed,true,false
SHI-00093,CUS-00093,not_enforced,normal,normal,8989.27,5674.07,2026-08-20T05:29:00,approved,true,false
SHI-00094,CUS-00094,requires_review,rejected,vendor,8183.87,4560.53,2026-04-10T17:16:00,closed,true,true
SHI-00095,CUS-00095,legacy,legacy,approved,434.15,9685.03,2026-02-19T12:42:00,manual_hold,true,false
SHI-00096,CUS-00096,vendor,normal,rejected,511.9,1737.17,2026-04-15T16:26:00,in_progress,true,false
SHI-00097,CUS-00097,internal,normal,vendor,2143.74,3747.51,2026-01-13T11:05:00,approved,false,true
SHI-00098,CUS-00098,rejected,ai_assisted,legacy,2375.09,8102.45,2026-07-31T08:24:00,approved,false,true
SHI-00099,CUS-00099,not_enforced,standard,requires_review,7311.97,4744.46,2026-07-17T13:32:00,manual_hold,false,false
SHI-00100,CUS-00100,internal,standard,requires_review,2568.65,5375.95,2026-09-03T05:07:00,approved,true,true
SHI-00101,CUS-00101,legacy,high_risk,degraded,3375.41,3968.38,2026-02-14T14:43:00,in_progress,false,false
SHI-00102,CUS-00102,rejected,legacy,internal,7730.83,3693.07,2026-03-22T21:52:00,approved,false,false
SHI-00103,CUS-00103,not_enforced,requires_review,ai_assisted,5367.37,868.51,2026-07-30T09:52:00,in_progress,false,true
SHI-00104,CUS-00104,rejected,not_enforced,manual,8918.54,3821.3,2026-02-16T03:14:00,exception,false,true
SHI-00105,CUS-00105,pending,requires_review,approved,5340.72,7049.04,2026-03-21T16:00:00,closed,false,true
SHI-00106,CUS-00106,ai_assisted,ai_assisted,legacy,6617.64,4532.63,2026-03-10T08:57:00,approved,false,false
SHI-00107,CUS-00107,internal,manual,approved,157.15,4194.04,2026-08-01T23:06:00,failed,false,true
SHI-00108,CUS-00108,vendor,manual,ai_assisted,8294.31,7458.14,2026-08-13T20:51:00,exception,true,true
SHI-00109,CUS-00109,requires_review,requires_review,vendor,136.22,5518.99,2026-04-03T15:18:00,exception,true,true
SHI-00110,CUS-00110,not_enforced,normal,ai_assisted,776.89,5675.56,2026-02-20T11:35:00,exception,true,true
SHI-00111,CUS-00111,approved,pending,requires_review,7864.03,2796.03,2026-06-03T07:55:00,new,false,true
SHI-00112,CUS-00112,high_risk,high_risk,internal,3.1,1166.06,2026-03-13T00:49:00,in_progress,true,false
SHI-00113,CUS-00113,ai_assisted,pending,normal,3992.81,7296.55,2026-07-26T05:08:00,manual_hold,true,false
SHI-00114,CUS-00114,high_risk,ai_assisted,normal,2407.22,8807.25,2026-05-14T19:04:00,exception,false,true
SHI-00115,CUS-00115,not_enforced,legacy,degraded,7098.08,4729.77,2026-09-13T20:09:00,closed,false,false
SHI-00116,CUS-00116,manual,legacy,degraded,9995.99,9030.9,2026-07-21T20:39:00,failed,false,true
SHI-00117,CUS-00117,rejected,rejected,manual,6363.63,1515.38,2026-05-26T09:37:00,queued,true,true
SHI-00118,CUS-00118,pending,ai_assisted,approved,5158.55,6204.64,2026-05-12T06:59:00,exception,false,true
SHI-00119,CUS-00119,manual,vendor,internal,2664.53,8827.04,2026-06-30T09:30:00,approved,true,true
SHI-00120,CUS-00120,internal,not_enforced,approved,2441.92,8346.28,2026-04-14T05:46:00,queued,false,false
SHI-00121,CUS-00121,approved,not_enforced,high_risk,7642.63,6620.53,2026-07-15T12:02:00,queued,false,true
SHI-00122,CUS-00122,legacy,high_risk,requires_review,3497.23,5289.78,2026-01-02T10:19:00,in_progress,false,true
SHI-00123,CUS-00123,degraded,normal,vendor,364.65,4899.27,2026-02-21T12:51:00,closed,true,false
SHI-00124,CUS-00124,pending,degraded,degraded,9062.88,4826.02,2026-04-17T11:18:00,new,true,true
SHI-00125,CUS-00125,vendor,degraded,degraded,3033.04,2394.64,2026-04-09T20:19:00,in_progress,true,true
SHI-00126,CUS-00126,approved,internal,legacy,9377.49,3408.76,2026-05-19T13:41:00,closed,true,false
SHI-00127,CUS-00127,vendor,requires_review,legacy,3730.98,3527.8,2026-02-22T14:53:00,approved,false,false
SHI-00128,CUS-00128,legacy,internal,pending,9424.82,8197.78,2026-06-22T19:40:00,failed,true,true
SHI-00129,CUS-00129,ai_assisted,vendor,standard,9636.56,237.21,2026-07-25T23:48:00,in_progress,true,true
SHI-00130,CUS-00130,pending,standard,pending,5679.13,4446.6,2026-06-02T01:33:00,approved,false,false
SHI-00131,CUS-00131,normal,requires_review,not_enforced,1787.95,7186.48,2026-08-01T05:54:00,failed,false,false
SHI-00132,CUS-00132,legacy,approved,normal,3812.87,6141.6,2026-06-24T01:06:00,closed,false,true
SHI-00133,CUS-00133,internal,internal,internal,2082.36,5437.33,2026-02-14T07:46:00,exception,false,false
SHI-00134,CUS-00134,not_enforced,rejected,normal,5841.19,7034.28,2026-09-13T07:51:00,failed,true,true
SHI-00135,CUS-00135,approved,standard,standard,4582.64,7465.39,2026-02-28T00:48:00,new,true,true
SHI-00136,CUS-00136,requires_review,ai_assisted,standard,9442.45,1281.91,2026-01-25T21:04:00,failed,false,true
SHI-00137,CUS-00137,high_risk,approved,pending,286.58,4828.21,2026-07-20T16:27:00,queued,true,true
SHI-00138,CUS-00138,requires_review,normal,normal,3251.1,9710.19,2026-09-10T17:47:00,exception,false,true
SHI-00139,CUS-00139,not_enforced,manual,pending,7534.81,6748.91,2026-05-20T05:52:00,exception,true,false
SHI-00140,CUS-00140,ai_assisted,standard,ai_assisted,4058.17,2159.11,2026-04-09T14:24:00,in_progress,true,false
SHI-00141,CUS-00141,ai_assisted,vendor,legacy,1802.03,8883.47,2026-03-13T13:23:00,queued,false,true
SHI-00142,CUS-00142,legacy,rejected,requires_review,5646.07,2904.46,2026-07-03T08:17:00,closed,true,false
SHI-00143,CUS-00143,ai_assisted,normal,rejected,5948.63,5447.15,2026-02-06T20:36:00,approved,true,true
SHI-00144,CUS-00144,normal,pending,ai_assisted,6517.38,1772.45,2026-05-05T18:28:00,manual_hold,true,true
SHI-00145,CUS-00145,not_enforced,approved,internal,9783.26,2757.21,2026-05-08T18:23:00,queued,false,false
SHI-00146,CUS-00146,rejected,manual,high_risk,5664.29,7583.7,2026-03-28T03:07:00,exception,false,true
SHI-00147,CUS-00147,requires_review,not_enforced,standard,2525.09,8764.59,2026-05-09T18:38:00,manual_hold,false,true
SHI-00148,CUS-00148,manual,pending,ai_assisted,6218.26,645.33,2026-07-18T18:06:00,queued,true,false
SHI-00149,CUS-00149,degraded,standard,pending,1099.44,5324.98,2026-03-03T11:02:00,in_progress,false,false
SHI-00150,CUS-00150,rejected,standard,high_risk,2757.22,2570.6,2026-05-11T15:47:00,queued,true,true
SHI-00151,CUS-00151,ai_assisted,normal,ai_assisted,8508.97,7260.65,2026-02-21T10:10:00,manual_hold,false,true
SHI-00152,CUS-00152,degraded,normal,manual,8014.73,8512.67,2026-02-14T01:07:00,queued,true,true
SHI-00153,CUS-00153,vendor,degraded,high_risk,5260.35,9906.21,2026-07-07T00:24:00,in_progress,false,false
SHI-00154,CUS-00154,ai_assisted,vendor,rejected,3774.0,7737.82,2026-06-18T04:39:00,approved,true,true
SHI-00155,CUS-00155,internal,legacy,standard,3421.86,5705.98,2026-07-27T14:08:00,exception,true,false
SHI-00156,CUS-00156,high_risk,pending,degraded,9188.53,8927.56,2026-05-21T21:10:00,approved,false,true
SHI-00157,CUS-00157,legacy,manual,manual,5332.25,2542.81,2026-02-17T04:46:00,closed,true,false
SHI-00158,CUS-00158,pending,manual,approved,1592.16,4021.55,2026-07-05T00:58:00,exception,true,true
SHI-00159,CUS-00159,approved,normal,manual,4689.77,3796.83,2026-08-07T01:18:00,approved,false,true
SHI-00160,CUS-00160,pending,ai_assisted,pending,5615.51,2511.7,2026-04-17T05:00:00,manual_hold,true,false
SHI-00161,CUS-00161,degraded,rejected,requires_review,5436.31,2523.44,2026-01-13T03:50:00,new,false,true
SHI-00162,CUS-00162,legacy,manual,degraded,795.2,6963.27,2026-03-22T16:41:00,exception,false,false
SHI-00163,CUS-00163,vendor,normal,degraded,9872.29,701.59,2026-03-15T16:10:00,manual_hold,false,true
SHI-00164,CUS-00164,not_enforced,ai_assisted,legacy,4604.73,33.96,2026-09-12T20:25:00,exception,true,true
SHI-00165,CUS-00165,rejected,not_enforced,degraded,6011.16,1825.17,2026-07-01T03:21:00,approved,true,true
SHI-00166,CUS-00166,standard,rejected,standard,603.59,9606.19,2026-08-10T00:42:00,queued,false,false
SHI-00167,CUS-00167,approved,ai_assisted,requires_review,3558.45,6470.58,2026-02-01T20:26:00,in_progress,false,false
SHI-00168,CUS-00168,requires_review,not_enforced,legacy,6099.44,653.81,2026-06-07T21:31:00,new,false,false
SHI-00169,CUS-00169,legacy,normal,not_enforced,7141.37,844.49,2026-04-18T04:37:00,failed,true,true
SHI-00170,CUS-00170,standard,requires_review,approved,9491.88,7335.25,2026-01-01T02:04:00,manual_hold,false,true
SHI-00171,CUS-00171,legacy,approved,standard,9262.89,4905.68,2026-05-05T21:43:00,in_progress,false,true
SHI-00172,CUS-00172,rejected,normal,approved,5456.02,3245.93,2026-05-18T00:04:00,failed,false,false
SHI-00173,CUS-00173,rejected,not_enforced,pending,7177.61,9978.66,2026-08-26T18:54:00,failed,false,true
SHI-00174,CUS-00174,vendor,degraded,rejected,7562.9,4213.98,2026-02-18T00:41:00,failed,false,true
SHI-00175,CUS-00175,legacy,standard,rejected,1229.87,7556.61,2026-05-31T04:09:00,manual_hold,false,false
SHI-00176,CUS-00176,requires_review,pending,vendor,4837.84,2632.64,2026-05-26T05:58:00,new,true,false
SHI-00177,CUS-00177,ai_assisted,pending,pending,5418.34,2539.28,2026-04-04T12:02:00,in_progress,false,false
SHI-00178,CUS-00178,rejected,degraded,vendor,535.81,6832.64,2026-03-05T17:57:00,new,true,false
SHI-00179,CUS-00179,manual,legacy,legacy,4444.75,2300.5,2026-07-02T07:35:00,in_progress,false,true
SHI-00180,CUS-00180,normal,not_enforced,normal,1530.64,9038.95,2026-07-26T06:22:00,approved,false,true
SHI-00181,CUS-00181,rejected,vendor,internal,3552.61,6135.0,2026-06-17T19:14:00,failed,true,false
SHI-00182,CUS-00182,high_risk,pending,manual,5529.67,5111.61,2026-04-24T23:52:00,closed,false,false
SHI-00183,CUS-00183,high_risk,pending,degraded,996.48,4763.48,2026-03-18T20:59:00,manual_hold,false,true
SHI-00184,CUS-00184,not_enforced,manual,vendor,3825.2,1736.84,2026-05-14T09:26:00,new,false,true
SHI-00185,CUS-00185,normal,requires_review,internal,8126.79,5944.61,2026-03-11T03:29:00,queued,false,false
SHI-00186,CUS-00186,vendor,approved,degraded,5994.32,8478.87,2026-04-07T17:47:00,queued,true,true
SHI-00187,CUS-00187,high_risk,not_enforced,not_enforced,7313.01,7312.87,2026-01-07T23:11:00,queued,true,true
SHI-00188,CUS-00188,rejected,standard,high_risk,508.86,8255.2,2026-01-11T19:10:00,closed,false,false
SHI-00189,CUS-00189,normal,requires_review,vendor,7885.07,5039.44,2026-04-17T17:31:00,queued,false,true
SHI-00190,CUS-00190,manual,approved,rejected,5356.55,9890.62,2026-03-26T06:08:00,approved,false,false
SHI-00191,CUS-00191,normal,normal,approved,9728.83,6316.11,2026-01-25T02:53:00,exception,false,false
SHI-00192,CUS-00192,rejected,high_risk,high_risk,7638.94,9124.23,2026-09-15T09:29:00,approved,false,true
SHI-00193,CUS-00193,high_risk,pending,standard,2350.36,6683.95,2026-07-16T08:08:00,approved,false,true
SHI-00194,CUS-00194,internal,high_risk,ai_assisted,6425.94,5468.65,2026-05-17T23:23:00,in_progress,false,false
SHI-00195,CUS-00195,legacy,internal,not_enforced,4249.38,5806.28,2026-01-23T16:02:00,manual_hold,false,true
SHI-00196,CUS-00196,ai_assisted,vendor,internal,2600.18,350.89,2026-04-18T04:50:00,exception,true,false
SHI-00197,CUS-00197,rejected,standard,requires_review,902.69,1966.03,2026-01-12T10:08:00,failed,true,false
SHI-00198,CUS-00198,degraded,rejected,high_risk,9596.49,882.65,2026-08-09T20:57:00,queued,true,false
SHI-00199,CUS-00199,not_enforced,legacy,vendor,3220.34,9052.58,2026-04-14T18:32:00,new,true,true
SHI-00200,CUS-00200,vendor,ai_assisted,rejected,5227.77,1982.68,2026-08-28T10:52:00,new,true,true
SHI-00201,CUS-00201,manual,legacy,pending,4652.96,683.97,2026-07-30T11:30:00,exception,false,false
SHI-00202,CUS-00202,ai_assisted,normal,high_risk,2020.24,1811.51,2026-07-08T06:13:00,in_progress,true,true
SHI-00203,CUS-00203,not_enforced,standard,approved,2610.54,1970.07,2026-07-09T12:23:00,manual_hold,true,false
SHI-00204,CUS-00204,standard,legacy,ai_assisted,7751.75,6881.87,2026-02-04T16:38:00,failed,true,true
SHI-00205,CUS-00205,internal,manual,legacy,101.71,7791.3,2026-04-12T09:34:00,closed,true,true
SHI-00206,CUS-00206,standard,high_risk,legacy,8121.64,1467.18,2026-06-24T00:22:00,new,true,false
SHI-00207,CUS-00207,rejected,legacy,vendor,2224.25,5455.88,2026-03-01T11:59:00,queued,true,false
SHI-00208,CUS-00208,high_risk,high_risk,internal,2307.35,3696.46,2026-08-02T18:48:00,new,true,true
SHI-00209,CUS-00209,manual,approved,approved,8157.29,7107.37,2026-02-14T00:31:00,closed,false,false
SHI-00210,CUS-00210,high_risk,degraded,manual,1911.35,7281.09,2026-06-22T23:58:00,failed,true,true
SHI-00211,CUS-00211,rejected,normal,rejected,1277.0,96.1,2026-01-22T13:52:00,closed,true,false
SHI-00212,CUS-00212,internal,internal,degraded,9112.57,6757.76,2026-04-25T12:12:00,approved,false,true
SHI-00213,CUS-00213,requires_review,approved,internal,1005.17,5008.53,2026-08-17T06:44:00,in_progress,true,false
SHI-00214,CUS-00214,high_risk,pending,legacy,403.76,3111.7,2026-07-25T23:00:00,exception,true,true
SHI-00215,CUS-00215,normal,not_enforced,not_enforced,7349.6,8699.92,2026-06-11T17:12:00,in_progress,false,false
SHI-00216,CUS-00216,high_risk,high_risk,normal,4649.93,7641.16,2026-06-11T14:35:00,closed,true,true
SHI-00217,CUS-00217,pending,normal,pending,5011.93,1869.19,2026-04-28T20:55:00,approved,false,true
SHI-00218,CUS-00218,pending,ai_assisted,high_risk,9034.83,2269.17,2026-07-13T14:17:00,in_progress,false,true
SHI-00219,CUS-00219,legacy,standard,manual,508.39,5102.26,2026-09-01T06:54:00,queued,true,false
SHI-00220,CUS-00220,standard,vendor,degraded,2029.76,4047.15,2026-01-31T17:30:00,queued,false,true
SHI-00221,CUS-00221,high_risk,degraded,rejected,3609.45,4754.37,2026-08-15T18:55:00,manual_hold,true,false
SHI-00222,CUS-00222,degraded,requires_review,requires_review,4268.0,533.27,2026-06-13T10:03:00,failed,true,false
SHI-00223,CUS-00223,approved,normal,high_risk,2306.58,8919.72,2026-08-28T10:17:00,exception,true,false
SHI-00224,CUS-00224,high_risk,standard,rejected,8058.25,1555.28,2026-02-16T16:30:00,in_progress,false,false
SHI-00225,CUS-00225,not_enforced,manual,requires_review,6527.64,5061.0,2026-02-13T07:12:00,failed,true,false
SHI-00226,CUS-00226,legacy,ai_assisted,pending,7225.53,1334.77,2026-02-24T19:29:00,approved,true,true
SHI-00227,CUS-00227,rejected,not_enforced,requires_review,9714.78,6990.66,2026-05-02T23:57:00,exception,false,false
SHI-00228,CUS-00228,standard,approved,legacy,7489.76,5470.78,2026-04-17T07:25:00,failed,true,true
SHI-00229,CUS-00229,legacy,high_risk,high_risk,4815.75,6444.23,2026-02-02T14:12:00,exception,true,true
SHI-00230,CUS-00230,degraded,approved,pending,6783.7,7188.63,2026-05-11T22:32:00,queued,false,true
SHI-00231,CUS-00231,standard,rejected,high_risk,2555.57,4722.3,2026-08-22T12:02:00,exception,true,false
SHI-00232,CUS-00232,approved,vendor,standard,6760.22,3234.07,2026-01-21T18:14:00,approved,true,true
SHI-00233,CUS-00233,ai_assisted,not_enforced,legacy,650.61,4962.6,2026-04-05T10:09:00,manual_hold,false,false
SHI-00234,CUS-00234,manual,pending,degraded,6523.71,9149.16,2026-09-16T21:07:00,closed,false,true
SHI-00235,CUS-00235,approved,internal,standard,4928.03,7903.02,2026-09-01T18:58:00,new,false,false
SHI-00236,CUS-00236,legacy,internal,manual,8152.64,1591.66,2026-01-20T11:04:00,approved,false,false
SHI-00237,CUS-00237,degraded,normal,vendor,438.14,7310.75,2026-08-01T15:48:00,in_progress,false,false
SHI-00238,CUS-00238,requires_review,vendor,requires_review,99.24,5168.81,2026-09-07T06:25:00,failed,false,true
SHI-00239,CUS-00239,standard,high_risk,ai_assisted,2092.54,1148.78,2026-06-24T03:10:00,approved,false,false
SHI-00240,CUS-00240,internal,approved,approved,7549.82,736.33,2026-02-24T08:38:00,approved,false,false
SHI-00241,CUS-00241,internal,standard,approved,4557.47,8088.66,2026-02-06T21:53:00,exception,false,true
SHI-00242,CUS-00242,vendor,manual,approved,8096.59,3746.42,2026-02-06T01:09:00,closed,false,true
SHI-00243,CUS-00243,approved,internal,normal,9256.67,5752.17,2026-03-04T14:36:00,new,false,true
SHI-00244,CUS-00244,requires_review,not_enforced,not_enforced,2946.93,5961.98,2026-03-16T00:43:00,failed,true,true
SHI-00245,CUS-00245,normal,rejected,high_risk,5899.21,8505.78,2026-03-03T20:59:00,new,false,false
SHI-00246,CUS-00246,high_risk,approved,pending,9612.02,7567.06,2026-06-15T11:54:00,in_progress,false,true
SHI-00247,CUS-00247,requires_review,legacy,requires_review,6231.19,7750.24,2026-01-15T18:25:00,approved,false,true
SHI-00248,CUS-00248,vendor,manual,degraded,6648.02,5613.52,2026-03-26T14:04:00,failed,false,true
SHI-00249,CUS-00249,legacy,vendor,rejected,5447.03,4914.53,2026-03-08T00:22:00,in_progress,true,true
SHI-00250,CUS-00250,normal,degraded,normal,6055.76,9962.26,2026-06-14T06:26:00,manual_hold,true,false
SHI-00251,CUS-00251,high_risk,standard,normal,8096.01,1377.69,2026-07-01T23:10:00,exception,false,false
SHI-00252,CUS-00252,rejected,legacy,rejected,1805.45,3523.89,2026-08-19T02:36:00,in_progress,false,true
SHI-00253,CUS-00253,not_enforced,legacy,rejected,447.6,5640.63,2026-01-27T16:21:00,exception,true,false
SHI-00254,CUS-00254,pending,normal,degraded,9185.91,4682.11,2026-05-14T02:09:00,manual_hold,false,false
SHI-00255,CUS-00255,standard,pending,requires_review,3781.73,1554.38,2026-06-04T13:38:00,failed,false,true
SHI-00256,CUS-00256,approved,not_enforced,ai_assisted,4268.94,2880.72,2026-07-07T19:17:00,approved,true,false
SHI-00257,CUS-00257,vendor,pending,ai_assisted,8361.36,8979.78,2026-07-10T15:29:00,exception,true,false
SHI-00258,CUS-00258,degraded,standard,legacy,4862.48,4988.58,2026-01-11T12:18:00,failed,true,true
SHI-00259,CUS-00259,legacy,pending,approved,5600.68,911.57,2026-06-01T02:49:00,approved,true,false
SHI-00260,CUS-00260,ai_assisted,rejected,vendor,5889.93,520.61,2026-04-16T09:48:00,exception,false,true
SHI-00261,CUS-00261,internal,requires_review,legacy,7510.55,6137.83,2026-08-16T20:36:00,exception,false,true
SHI-00262,CUS-00262,pending,approved,ai_assisted,2921.98,5175.36,2026-02-13T05:41:00,queued,true,false
SHI-00263,CUS-00263,rejected,normal,degraded,16.18,368.45,2026-03-30T17:35:00,exception,false,false
SHI-00264,CUS-00264,requires_review,rejected,manual,6313.68,6054.16,2026-01-09T05:08:00,new,true,false
SHI-00265,CUS-00265,legacy,manual,approved,6340.19,8631.94,2026-05-06T18:07:00,manual_hold,true,true
SHI-00266,CUS-00266,legacy,internal,legacy,4168.7,8760.19,2026-04-09T05:33:00,queued,true,false
SHI-00267,CUS-00267,not_enforced,vendor,requires_review,9365.51,9203.25,2026-01-18T11:58:00,new,false,true
SHI-00268,CUS-00268,not_enforced,high_risk,degraded,2572.38,947.24,2026-08-18T01:46:00,queued,false,false
SHI-00269,CUS-00269,vendor,manual,pending,2702.73,1738.13,2026-01-12T15:50:00,in_progress,false,true
SHI-00270,CUS-00270,not_enforced,manual,internal,1218.58,3539.15,2026-05-27T10:23:00,closed,false,false
SHI-00271,CUS-00271,normal,ai_assisted,rejected,9119.3,684.9,2026-08-21T00:13:00,queued,false,true
SHI-00272,CUS-00272,approved,approved,high_risk,5112.85,1192.28,2026-04-12T01:26:00,failed,true,false
SHI-00273,CUS-00273,rejected,standard,manual,2140.61,6022.62,2026-08-26T02:10:00,exception,false,false
SHI-00274,CUS-00274,high_risk,internal,rejected,2894.92,2533.27,2026-03-08T00:00:00,closed,false,false
SHI-00275,CUS-00275,internal,requires_review,rejected,1621.64,4168.07,2026-06-26T13:33:00,approved,false,true
SHI-00276,CUS-00276,ai_assisted,internal,pending,8148.46,1045.69,2026-02-25T06:00:00,failed,true,false
SHI-00277,CUS-00277,legacy,normal,rejected,1288.2,2701.94,2026-03-02T17:42:00,in_progress,true,true
SHI-00278,CUS-00278,pending,high_risk,rejected,1239.36,3380.67,2026-01-17T10:31:00,approved,true,true
SHI-00279,CUS-00279,rejected,pending,manual,5585.47,9679.86,2026-08-14T06:00:00,closed,false,false
SHI-00280,CUS-00280,manual,approved,pending,2136.46,6192.93,2026-07-18T21:33:00,in_progress,false,true
SHI-00281,CUS-00281,degraded,high_risk,degraded,4513.1,3791.98,2026-06-28T19:11:00,queued,true,false
SHI-00282,CUS-00282,internal,requires_review,standard,3797.57,1060.1,2026-07-04T07:02:00,closed,true,true
SHI-00283,CUS-00283,high_risk,approved,ai_assisted,6716.58,2729.0,2026-01-19T08:59:00,queued,true,true
SHI-00284,CUS-00284,vendor,vendor,approved,1847.62,5207.37,2026-02-22T23:11:00,approved,false,true
SHI-00285,CUS-00285,internal,high_risk,legacy,5589.24,836.01,2026-04-19T04:27:00,new,true,true
SHI-00286,CUS-00286,approved,pending,ai_assisted,8106.77,2004.65,2026-07-07T18:31:00,closed,true,false
SHI-00287,CUS-00287,requires_review,not_enforced,degraded,9747.17,369.76,2026-07-31T01:18:00,closed,false,true
SHI-00288,CUS-00288,vendor,high_risk,vendor,1159.99,9566.95,2026-01-18T20:13:00,closed,false,false
SHI-00289,CUS-00289,approved,standard,degraded,9178.76,5719.3,2026-04-25T07:12:00,exception,false,true
SHI-00290,CUS-00290,normal,high_risk,legacy,544.99,6658.91,2026-02-23T14:20:00,queued,true,false
SHI-00291,CUS-00291,not_enforced,normal,ai_assisted,454.43,7799.85,2026-01-08T13:56:00,closed,true,false
SHI-00292,CUS-00292,rejected,manual,manual,9546.68,2180.74,2026-01-03T08:35:00,queued,true,true
SHI-00293,CUS-00293,internal,ai_assisted,pending,5906.58,8943.33,2026-02-13T09:45:00,failed,true,false
SHI-00294,CUS-00294,requires_review,standard,high_risk,8375.12,5401.54,2026-09-17T18:08:00,queued,false,true
SHI-00295,CUS-00295,normal,high_risk,normal,3102.29,709.51,2026-02-22T09:05:00,in_progress,false,true
SHI-00296,CUS-00296,not_enforced,requires_review,vendor,6566.19,1646.74,2026-09-21T01:57:00,in_progress,true,false
SHI-00297,CUS-00297,vendor,degraded,vendor,6955.56,377.87,2026-08-24T22:01:00,failed,false,false
SHI-00298,CUS-00298,approved,ai_assisted,internal,8022.05,3358.25,2026-05-21T04:11:00,approved,true,true
SHI-00299,CUS-00299,not_enforced,internal,approved,8454.53,4125.44,2026-08-09T13:17:00,new,true,true
SHI-00300,CUS-00300,manual,pending,not_enforced,7421.33,6575.29,2026-01-21T02:37:00,failed,false,false
SHI-00301,CUS-00301,requires_review,standard,not_enforced,2338.5,4121.29,2026-09-18T10:32:00,queued,false,false
SHI-00302,CUS-00302,ai_assisted,internal,pending,8008.67,6471.52,2026-09-08T20:58:00,approved,false,false
SHI-00303,CUS-00303,vendor,ai_assisted,pending,6020.88,9744.74,2026-04-17T09:12:00,new,false,true
SHI-00304,CUS-00304,internal,pending,legacy,3424.73,5159.41,2026-05-18T08:10:00,closed,true,false
SHI-00305,CUS-00305,standard,internal,requires_review,5394.48,1271.49,2026-08-21T23:47:00,exception,false,true
SHI-00306,CUS-00306,manual,not_enforced,standard,630.05,8072.51,2026-07-20T18:09:00,queued,true,true
SHI-00307,CUS-00307,rejected,legacy,degraded,7163.18,9908.8,2026-06-26T18:35:00,manual_hold,false,false
SHI-00308,CUS-00308,internal,pending,internal,9494.12,7572.51,2026-03-06T15:08:00,exception,false,false
SHI-00309,CUS-00309,ai_assisted,normal,degraded,3068.29,6011.16,2026-03-08T04:23:00,manual_hold,false,false
SHI-00310,CUS-00310,pending,vendor,standard,5369.78,9725.03,2026-04-20T12:29:00,failed,true,true
SHI-00311,CUS-00311,not_enforced,requires_review,requires_review,3223.09,279.73,2026-09-17T16:19:00,closed,true,true
SHI-00312,CUS-00312,degraded,requires_review,requires_review,7752.3,3475.14,2026-03-12T05:48:00,manual_hold,false,true
SHI-00313,CUS-00313,not_enforced,standard,high_risk,2237.78,6097.43,2026-04-05T19:11:00,in_progress,true,false
SHI-00314,CUS-00314,approved,rejected,legacy,9111.08,220.66,2026-07-07T08:24:00,approved,false,false
SHI-00315,CUS-00315,legacy,high_risk,normal,9509.67,8676.13,2026-02-08T18:35:00,exception,true,false
SHI-00316,CUS-00316,vendor,manual,standard,8546.13,3166.01,2026-04-09T04:50:00,in_progress,false,false
SHI-00317,CUS-00317,not_enforced,normal,normal,8845.06,5505.26,2026-06-21T17:58:00,exception,false,false
SHI-00318,CUS-00318,high_risk,vendor,legacy,2845.52,5572.33,2026-04-16T09:39:00,closed,true,false
SHI-00319,CUS-00319,manual,normal,internal,369.62,7990.07,2026-06-17T14:29:00,manual_hold,true,true
SHI-00320,CUS-00320,legacy,internal,requires_review,6322.57,9004.69,2026-03-30T15:05:00,new,false,false
SHI-00321,CUS-00321,degraded,legacy,standard,4666.19,8730.7,2026-02-12T19:55:00,failed,true,true
SHI-00322,CUS-00322,pending,vendor,requires_review,9511.29,7967.14,2026-05-15T03:57:00,in_progress,false,true
SHI-00323,CUS-00323,ai_assisted,rejected,internal,1121.12,2813.46,2026-02-11T01:11:00,approved,true,true
SHI-00324,CUS-00324,approved,high_risk,requires_review,4691.0,1264.87,2026-03-30T13:52:00,new,true,true
SHI-00325,CUS-00325,legacy,degraded,high_risk,6161.63,9275.87,2026-02-03T20:09:00,closed,false,false
SHI-00326,CUS-00326,approved,high_risk,degraded,1422.1,1171.07,2026-05-31T06:05:00,manual_hold,true,true
SHI-00327,CUS-00327,standard,legacy,degraded,9946.95,9759.65,2026-03-11T01:42:00,new,false,true
SHI-00328,CUS-00328,approved,normal,degraded,5675.3,8424.61,2026-06-09T20:19:00,closed,false,false
SHI-00329,CUS-00329,vendor,pending,pending,3728.52,5945.78,2026-04-18T21:17:00,new,false,true
SHI-00330,CUS-00330,vendor,rejected,approved,6359.94,7602.64,2026-09-13T14:36:00,approved,true,false
SHI-00331,CUS-00331,requires_review,ai_assisted,ai_assisted,1394.92,9521.48,2026-04-30T20:24:00,closed,false,false
SHI-00332,CUS-00332,pending,ai_assisted,standard,9686.98,5867.98,2026-01-28T14:01:00,manual_hold,false,false
SHI-00333,CUS-00333,standard,internal,normal,4504.24,3911.98,2026-05-21T11:53:00,failed,false,true
SHI-00334,CUS-00334,normal,degraded,high_risk,9677.67,9045.77,2026-04-25T06:31:00,approved,true,true
SHI-00335,CUS-00335,vendor,requires_review,pending,733.05,8418.17,2026-08-19T10:31:00,approved,false,true
SHI-00336,CUS-00336,pending,standard,degraded,9932.32,1784.19,2026-03-28T11:20:00,in_progress,false,false
SHI-00337,CUS-00337,approved,ai_assisted,internal,7502.68,6967.58,2026-06-16T09:13:00,queued,true,true
SHI-00338,CUS-00338,normal,legacy,normal,4814.96,5842.79,2026-08-24T02:22:00,approved,false,true
SHI-00339,CUS-00339,high_risk,legacy,requires_review,5006.93,2570.48,2026-04-23T14:57:00,manual_hold,true,false
SHI-00340,CUS-00340,degraded,internal,not_enforced,6960.18,6310.83,2026-07-24T16:21:00,new,false,false
SHI-00341,CUS-00341,degraded,legacy,standard,8317.1,8948.53,2026-03-31T02:40:00,in_progress,false,true
SHI-00342,CUS-00342,normal,manual,rejected,7015.86,2163.81,2026-02-25T22:40:00,in_progress,false,true
SHI-00343,CUS-00343,vendor,ai_assisted,degraded,6072.79,1722.02,2026-06-21T00:31:00,approved,false,true
SHI-00344,CUS-00344,internal,legacy,pending,9176.63,6394.95,2026-06-30T21:27:00,in_progress,false,true
SHI-00345,CUS-00345,degraded,requires_review,standard,9723.0,4573.32,2026-02-22T16:22:00,queued,false,false
SHI-00346,CUS-00346,rejected,ai_assisted,approved,564.53,5039.83,2026-01-25T09:12:00,exception,true,false
SHI-00347,CUS-00347,degraded,manual,not_enforced,1673.93,6621.4,2026-06-02T20:24:00,failed,false,false
SHI-00348,CUS-00348,pending,manual,ai_assisted,9295.85,1565.14,2026-07-11T13:32:00,closed,false,true
SHI-00349,CUS-00349,standard,rejected,requires_review,8463.19,3010.04,2026-03-28T02:18:00,in_progress,false,true
SHI-00350,CUS-00350,normal,pending,internal,2338.95,7818.6,2026-07-12T09:03:00,queued,true,true
SHI-00004,CUS-00005,requires_review,rejected,requires_review,4174.0,6417.12,2026-08-29T07:39:00,failed,false,false
SHI-BAD1,,,,,,,,,,
SHI-00013,CUS-00013,manual,requires_review,requires_review,1988.54,950.66,1900-01-01T00:00:00,failed,true,false
SHI-00019,CUS-00019,degraded,legacy,ai_assisted,9786.47,4404.2,2026-03-10T22:28:00,new,false,true
