event_id,shipment_id,event_type,event_time,source_system,location,sequence_no,duplicate_flag,timezone,confidence
REC-0001,SHI-00001,internal,2026-08-25T08:02:00,high_risk,normal,76,true,pending,0.699
EVE-00002,SHI-00002,high_risk,2026-02-23T18:54:00,legacy,vendor,1007,true,approved,0.929
EVE-00003,SHI-00003,standard,2026-03-23T09:24:00,standard,legacy,1717,true,approved,0.523
EVE-00004,SHI-00004,internal,2026-03-26T15:51:00,vendor,standard,4689,true,pending,0.969
EVE-00005,SHI-00005,requires_review,2026-04-28T01:34:00,standard,approved,1776,false,requires_review,0.907
EVE-00006,SHI-00006,normal,2026-06-29T19:49:00,ai_assisted,rejected,1738,false,manual,0.36
EVE-00007,SHI-00007,standard,2026-04-20T19:15:00,high_risk,vendor,1608,true,ai_assisted,0.227
EVE-00008,SHI-00008,rejected,2026-02-25T14:06:00,rejected,pending,1293,true,rejected,0.032
EVE-00009,SHI-00009,legacy,2026-07-20T00:32:00,normal,standard,208,true,vendor,0.439
EVE-00010,SHI-00010,vendor,2026-07-29T05:51:00,not_enforced,not_enforced,418,false,ai_assisted,0.172
EVE-00011,SHI-00011,degraded,2026-06-11T20:45:00,high_risk,normal,4253,true,not_enforced,0.713
EVE-00012,SHI-00012,manual,2026-03-23T05:29:00,manual,rejected,845,true,high_risk,0.408
EVE-00013,SHI-00013,pending,2026-07-21T02:57:00,internal,internal,426,false,legacy,0.422
EVE-00014,SHI-00014,ai_assisted,2026-01-26T10:53:00,not_enforced,internal,778,true,not_enforced,0.799
EVE-00015,SHI-00015,degraded,2026-06-05T12:47:00,rejected,degraded,187,false,rejected,0.977
EVE-00016,SHI-00016,ai_assisted,2026-04-03T10:02:00,legacy,manual,2076,true,approved,0.115
EVE-00017,SHI-00017,normal,2026-02-16T09:26:00,approved,ai_assisted,748,true,high_risk,0.65
EVE-00018,SHI-00018,normal,2026-01-12T07:20:00,degraded,degraded,3142,true,standard,0.05
EVE-00019,SHI-00019,requires_review,2026-05-15T07:34:00,high_risk,pending,3138,false,internal,0.854
EVE-00020,SHI-00020,internal,2026-04-04T10:43:00,pending,internal,802,true,approved,0.31
EVE-00021,SHI-00021,not_enforced,2026-06-25T14:07:00,requires_review,standard,641,true,not_enforced,0.373
EVE-00022,SHI-00022,legacy,2026-07-24T05:47:00,requires_review,approved,3704,true,approved,0.584
EVE-00023,SHI-00023,rejected,2026-09-08T12:58:00,ai_assisted,degraded,3551,true,internal,0.79
EVE-00024,SHI-00024,vendor,2026-09-10T07:24:00,not_enforced,standard,1812,false,standard,0.969
EVE-00025,SHI-00025,not_enforced,2026-06-04T13:41:00,high_risk,degraded,4218,false,manual,0.646
EVE-00026,SHI-00026,requires_review,2026-04-10T08:32:00,not_enforced,internal,2103,true,approved,0.071
EVE-00027,SHI-00027,requires_review,2026-05-17T20:39:00,high_risk,rejected,3856,false,rejected,0.359
EVE-00028,SHI-00028,requires_review,2026-04-27T19:25:00,high_risk,rejected,3561,true,vendor,0.941
EVE-00029,SHI-00029,requires_review,2026-04-11T05:52:00,pending,approved,1517,true,standard,0.574
EVE-00030,SHI-00030,internal,2026-02-20T11:17:00,not_enforced,legacy,4804,true,not_enforced,0.318
EVE-00031,SHI-00031,not_enforced,2026-01-04T15:02:00,ai_assisted,legacy,2427,true,rejected,0.805
EVE-00032,SHI-00032,standard,2026-07-28T17:15:00,normal,requires_review,3328,true,pending,0.537
EVE-00033,SHI-00033,rejected,2026-02-28T22:10:00,degraded,vendor,776,false,rejected,0.058
EVE-00034,SHI-00034,ai_assisted,2026-05-29T13:04:00,degraded,standard,2433,false,pending,0.507
EVE-00035,SHI-00035,legacy,2026-02-11T12:19:00,internal,degraded,538,true,degraded,0.031
EVE-00036,SHI-00036,ai_assisted,2026-06-24T20:18:00,manual,degraded,904,true,vendor,0.576
EVE-00037,SHI-00037,ai_assisted,2026-06-01T04:01:00,requires_review,requires_review,1616,false,vendor,0.347
EVE-00038,SHI-00038,high_risk,2026-06-30T00:49:00,approved,approved,2150,false,standard,0.026
EVE-00039,SHI-00039,pending,2026-02-17T04:56:00,ai_assisted,vendor,1906,false,approved,0.63
EVE-00040,SHI-00040,not_enforced,2026-01-22T10:58:00,not_enforced,normal,4429,false,approved,0.215
EVE-00041,SHI-00041,not_enforced,2026-04-02T18:44:00,internal,requires_review,133,false,high_risk,0.791
EVE-00042,SHI-00042,legacy,2026-05-11T06:40:00,degraded,manual,4718,false,approved,0.019
EVE-00043,SHI-00043,vendor,2026-09-13T18:57:00,rejected,degraded,1157,false,ai_assisted,0.988
EVE-00044,SHI-00044,standard,2026-08-30T03:06:00,ai_assisted,vendor,3294,true,rejected,0.559
EVE-00045,SHI-00045,high_risk,2026-09-05T19:15:00,pending,not_enforced,1897,false,pending,0.668
EVE-00046,SHI-00046,normal,2026-07-10T11:13:00,internal,normal,1741,false,manual,0.082
EVE-00047,SHI-00047,degraded,2026-01-29T06:59:00,ai_assisted,degraded,2602,false,manual,0.081
EVE-00048,SHI-00048,pending,2026-03-17T17:25:00,legacy,standard,3257,false,pending,0.856
EVE-00049,SHI-00049,high_risk,2026-05-18T19:09:00,high_risk,high_risk,1521,false,manual,0.873
EVE-00050,SHI-00050,ai_assisted,2026-09-09T20:56:00,ai_assisted,vendor,1116,false,legacy,0.249
EVE-00051,SHI-00051,legacy,2026-03-31T06:49:00,high_risk,not_enforced,2874,false,normal,0.315
EVE-00052,SHI-00052,pending,2026-08-18T06:42:00,degraded,standard,1068,true,approved,0.245
EVE-00053,SHI-00053,rejected,2026-03-24T04:07:00,approved,normal,4659,true,rejected,0.88
EVE-00054,SHI-00054,manual,2026-04-14T06:09:00,high_risk,requires_review,4554,false,not_enforced,0.857
EVE-00055,SHI-00055,manual,2026-02-23T02:12:00,degraded,standard,1233,true,normal,0.548
EVE-00056,SHI-00056,requires_review,2026-08-20T02:20:00,pending,approved,429,false,not_enforced,0.345
EVE-00057,SHI-00057,high_risk,2026-05-22T14:40:00,not_enforced,ai_assisted,2981,true,manual,0.49
EVE-00058,SHI-00058,legacy,2026-06-05T13:26:00,internal,degraded,2130,false,approved,0.991
EVE-00059,SHI-00059,pending,2026-01-24T08:50:00,vendor,requires_review,2631,true,degraded,0.704
EVE-00060,SHI-00060,high_risk,2026-08-23T09:02:00,high_risk,legacy,4186,true,requires_review,0.954
EVE-00061,SHI-00061,not_enforced,2026-07-30T09:50:00,ai_assisted,vendor,2270,false,high_risk,0.603
EVE-00062,SHI-00062,manual,2026-09-02T18:46:00,vendor,not_enforced,1216,false,ai_assisted,0.138
EVE-00063,SHI-00063,approved,2026-09-15T04:38:00,rejected,approved,1674,false,not_enforced,0.983
EVE-00064,SHI-00064,normal,2026-04-13T01:32:00,degraded,pending,232,false,legacy,0.002
EVE-00065,SHI-00065,legacy,2026-02-21T05:30:00,rejected,standard,1376,false,vendor,0.74
EVE-00066,SHI-00066,pending,2026-03-08T08:33:00,vendor,legacy,517,false,degraded,0.198
EVE-00067,SHI-00067,rejected,2026-09-06T08:44:00,standard,high_risk,1741,true,requires_review,0.001
EVE-00068,SHI-00068,standard,2026-05-11T19:13:00,not_enforced,requires_review,1634,false,pending,0.998
EVE-00069,SHI-00069,requires_review,2026-06-11T14:59:00,ai_assisted,internal,1017,false,manual,0.479
EVE-00070,SHI-00070,degraded,2026-02-09T05:06:00,requires_review,pending,193,false,high_risk,0.688
EVE-00071,SHI-00071,normal,2026-06-17T20:48:00,not_enforced,degraded,3866,false,manual,0.676
EVE-00072,SHI-00072,normal,2026-02-12T18:12:00,manual,internal,4500,true,internal,0.848
EVE-00073,SHI-00073,legacy,2026-03-28T22:53:00,standard,not_enforced,3239,true,ai_assisted,0.683
EVE-00074,SHI-00074,vendor,2026-01-28T14:39:00,normal,pending,4813,false,internal,0.337
EVE-00075,SHI-00075,normal,2026-01-18T20:25:00,requires_review,ai_assisted,2948,false,not_enforced,0.645
EVE-00076,SHI-00076,high_risk,2026-03-11T09:54:00,legacy,standard,3777,false,vendor,0.474
EVE-00077,SHI-00077,pending,2026-06-30T05:19:00,pending,degraded,3788,true,internal,0.482
EVE-00078,SHI-00078,normal,2026-09-15T16:32:00,high_risk,requires_review,3929,false,legacy,0.279
EVE-00079,SHI-00079,manual,2026-01-11T11:21:00,high_risk,standard,1652,true,ai_assisted,0.863
EVE-00080,SHI-00080,not_enforced,2026-09-16T10:36:00,requires_review,vendor,596,false,internal,0.257
EVE-00081,SHI-00081,degraded,2026-01-08T21:28:00,manual,vendor,3919,true,legacy,0.966
EVE-00082,SHI-00082,rejected,2026-01-25T15:44:00,normal,internal,4340,true,standard,0.694
EVE-00083,SHI-00083,standard,2026-04-04T22:45:00,not_enforced,not_enforced,4212,true,not_enforced,0.497
EVE-00084,SHI-00084,pending,2026-02-22T15:20:00,normal,approved,1257,true,standard,0.064
EVE-00085,SHI-00085,normal,2026-03-11T02:15:00,standard,pending,1366,false,rejected,0.755
EVE-00086,SHI-00086,ai_assisted,2026-08-23T08:00:00,requires_review,standard,3144,false,standard,0.957
EVE-00087,SHI-00087,ai_assisted,2026-03-15T22:12:00,manual,degraded,4450,true,internal,0.023
EVE-00088,SHI-00088,standard,2026-05-29T04:50:00,standard,standard,267,false,rejected,0.996
EVE-00089,SHI-00089,high_risk,2026-01-07T13:03:00,normal,normal,3172,true,normal,0.993
EVE-00090,SHI-00090,degraded,2026-05-28T16:47:00,requires_review,legacy,4187,false,standard,0.484
EVE-00091,SHI-00091,high_risk,2026-07-04T23:41:00,high_risk,pending,4556,false,not_enforced,0.341
EVE-00092,SHI-00092,not_enforced,2026-04-27T10:03:00,rejected,vendor,2133,true,vendor,0.138
EVE-00093,SHI-00093,pending,2026-07-19T02:50:00,approved,legacy,4389,false,vendor,0.889
EVE-00094,SHI-00094,approved,2026-01-24T00:47:00,internal,degraded,3732,false,ai_assisted,0.776
EVE-00095,SHI-00095,not_enforced,2026-01-10T03:52:00,ai_assisted,high_risk,401,true,rejected,0.255
EVE-00096,SHI-00096,vendor,2026-06-09T08:39:00,vendor,legacy,3831,true,requires_review,0.836
EVE-00097,SHI-00097,legacy,2026-02-26T19:20:00,internal,degraded,4825,false,approved,0.269
EVE-00098,SHI-00098,rejected,2026-05-20T14:19:00,legacy,approved,3388,true,internal,0.948
EVE-00099,SHI-00099,pending,2026-07-24T13:51:00,requires_review,manual,227,false,normal,0.352
EVE-00100,SHI-00100,pending,2026-09-15T16:09:00,requires_review,requires_review,3658,true,internal,0.145
EVE-00101,SHI-00101,degraded,2026-04-13T01:10:00,rejected,rejected,913,false,requires_review,0.367
EVE-00102,SHI-00102,legacy,2026-04-02T02:56:00,pending,approved,407,false,not_enforced,0.586
EVE-00103,SHI-00103,manual,2026-09-18T03:09:00,not_enforced,pending,4577,true,pending,0.741
EVE-00104,SHI-00104,rejected,2026-08-29T06:18:00,high_risk,ai_assisted,2824,true,legacy,0.232
EVE-00105,SHI-00105,normal,2026-01-21T07:40:00,standard,legacy,4329,false,requires_review,0.521
EVE-00106,SHI-00106,ai_assisted,2026-03-07T14:21:00,pending,manual,4837,true,high_risk,0.449
EVE-00107,SHI-00107,standard,2026-01-01T03:27:00,normal,rejected,4354,false,approved,0.856
EVE-00108,SHI-00108,legacy,2026-05-18T18:09:00,rejected,approved,3216,false,pending,0.494
EVE-00109,SHI-00109,normal,2026-07-25T08:33:00,standard,degraded,3058,true,standard,0.015
EVE-00110,SHI-00110,standard,2026-09-08T08:16:00,not_enforced,vendor,4329,true,rejected,0.661
EVE-00111,SHI-00111,pending,2026-09-17T15:07:00,normal,vendor,2721,false,ai_assisted,0.835
EVE-00112,SHI-00112,ai_assisted,2026-03-13T08:28:00,pending,vendor,4117,true,normal,0.572
EVE-00113,SHI-00113,manual,2026-06-27T03:32:00,internal,approved,2882,false,ai_assisted,0.428
EVE-00114,SHI-00114,pending,2026-02-18T16:57:00,not_enforced,standard,3423,false,pending,0.031
EVE-00115,SHI-00115,ai_assisted,2026-07-08T20:05:00,requires_review,requires_review,664,false,legacy,0.105
EVE-00116,SHI-00116,pending,2026-09-05T00:02:00,approved,legacy,2102,false,rejected,0.193
EVE-00117,SHI-00117,normal,2026-02-06T12:11:00,rejected,normal,3945,true,legacy,0.664
EVE-00118,SHI-00118,legacy,2026-05-30T12:15:00,standard,manual,3967,true,requires_review,0.292
EVE-00119,SHI-00119,normal,2026-04-13T03:47:00,legacy,normal,3340,false,degraded,0.739
EVE-00120,SHI-00120,not_enforced,2026-01-10T19:53:00,internal,normal,1755,false,manual,0.809
EVE-00121,SHI-00121,standard,2026-02-22T00:00:00,pending,manual,309,false,manual,0.09
EVE-00122,SHI-00122,internal,2026-05-07T07:06:00,rejected,standard,1284,true,legacy,0.197
EVE-00123,SHI-00123,degraded,2026-03-22T18:56:00,manual,requires_review,3954,true,legacy,0.244
EVE-00124,SHI-00124,manual,2026-06-03T05:41:00,manual,normal,3227,true,pending,0.812
EVE-00125,SHI-00125,ai_assisted,2026-03-12T08:26:00,rejected,pending,3696,false,approved,0.43
EVE-00126,SHI-00126,standard,2026-06-23T12:02:00,high_risk,manual,2136,false,degraded,0.447
EVE-00127,SHI-00127,pending,2026-05-29T17:14:00,approved,degraded,568,false,rejected,0.774
EVE-00128,SHI-00128,rejected,2026-01-22T07:07:00,high_risk,pending,3064,true,legacy,0.887
EVE-00129,SHI-00129,normal,2026-03-24T13:25:00,approved,manual,2090,true,standard,0.755
EVE-00130,SHI-00130,approved,2026-03-13T07:41:00,standard,vendor,4362,true,rejected,0.098
EVE-00131,SHI-00131,requires_review,2026-09-18T16:28:00,approved,standard,2190,true,degraded,0.633
EVE-00132,SHI-00132,manual,2026-07-03T04:15:00,standard,high_risk,3350,true,degraded,0.411
EVE-00133,SHI-00133,degraded,2026-06-26T19:37:00,internal,rejected,3205,true,degraded,0.399
EVE-00134,SHI-00134,rejected,2026-06-28T14:06:00,manual,degraded,2430,true,normal,0.3
EVE-00135,SHI-00135,high_risk,2026-07-11T07:54:00,standard,requires_review,2626,true,normal,0.766
EVE-00136,SHI-00136,standard,2026-09-02T06:15:00,pending,standard,4889,true,pending,0.563
EVE-00137,SHI-00137,standard,2026-04-21T15:52:00,ai_assisted,legacy,4908,true,degraded,0.745
EVE-00138,SHI-00138,normal,2026-09-05T00:31:00,legacy,internal,85,false,approved,0.455
EVE-00139,SHI-00139,vendor,2026-02-12T12:40:00,standard,manual,1614,true,high_risk,0.323
EVE-00140,SHI-00140,rejected,2026-07-23T19:29:00,ai_assisted,legacy,1438,true,approved,0.456
EVE-00141,SHI-00141,pending,2026-04-16T13:05:00,legacy,not_enforced,145,false,ai_assisted,0.548
EVE-00142,SHI-00142,standard,2026-05-14T19:45:00,high_risk,internal,3474,true,vendor,0.714
EVE-00143,SHI-00143,internal,2026-05-05T21:43:00,ai_assisted,pending,3799,false,vendor,0.79
EVE-00144,SHI-00144,normal,2026-02-18T04:53:00,degraded,rejected,2403,false,vendor,0.54
EVE-00145,SHI-00145,rejected,2026-04-10T12:15:00,approved,not_enforced,3087,false,high_risk,0.389
EVE-00146,SHI-00146,legacy,2026-05-25T08:31:00,manual,requires_review,250,true,legacy,0.064
EVE-00147,SHI-00147,requires_review,2026-01-23T15:54:00,not_enforced,rejected,496,true,degraded,0.006
EVE-00148,SHI-00148,degraded,2026-06-06T19:39:00,standard,vendor,290,false,internal,0.726
EVE-00149,SHI-00149,standard,2026-06-28T10:28:00,pending,high_risk,2573,true,requires_review,0.371
EVE-00150,SHI-00150,ai_assisted,2026-03-29T00:33:00,legacy,standard,741,false,vendor,0.76
EVE-00151,SHI-00151,internal,2026-09-04T10:52:00,degraded,high_risk,836,false,requires_review,0.815
EVE-00152,SHI-00152,normal,2026-07-25T00:42:00,legacy,high_risk,2522,true,manual,0.294
EVE-00153,SHI-00153,standard,2026-09-12T03:23:00,pending,approved,3041,false,rejected,0.373
EVE-00154,SHI-00154,requires_review,2026-02-15T04:44:00,high_risk,not_enforced,3124,false,not_enforced,0.471
EVE-00155,SHI-00155,degraded,2026-06-29T20:21:00,manual,pending,411,true,vendor,0.644
EVE-00156,SHI-00156,degraded,2026-08-30T08:32:00,normal,manual,2104,true,rejected,0.421
EVE-00157,SHI-00157,normal,2026-02-27T05:10:00,not_enforced,ai_assisted,2561,true,high_risk,0.042
EVE-00158,SHI-00158,requires_review,2026-09-20T23:49:00,pending,internal,4933,false,pending,0.076
EVE-00159,SHI-00159,pending,2026-09-08T16:42:00,rejected,legacy,4371,false,high_risk,0.266
EVE-00160,SHI-00160,pending,2026-06-10T00:36:00,manual,internal,122,true,ai_assisted,0.548
EVE-00161,SHI-00161,normal,2026-03-18T05:54:00,ai_assisted,high_risk,668,true,not_enforced,0.296
EVE-00162,SHI-00162,not_enforced,2026-05-08T00:27:00,degraded,standard,730,true,internal,0.934
EVE-00163,SHI-00163,not_enforced,2026-01-10T17:04:00,high_risk,legacy,695,false,approved,0.037
EVE-00164,SHI-00164,ai_assisted,2026-03-07T00:46:00,vendor,requires_review,104,false,high_risk,0.6
EVE-00165,SHI-00165,legacy,2026-04-04T07:19:00,standard,ai_assisted,4793,false,normal,0.275
EVE-00166,SHI-00166,high_risk,2026-01-15T15:26:00,approved,ai_assisted,3270,true,degraded,0.012
EVE-00167,SHI-00167,pending,2026-02-18T15:08:00,standard,not_enforced,1994,true,ai_assisted,0.222
EVE-00168,SHI-00168,rejected,2026-02-03T19:13:00,vendor,legacy,294,true,approved,0.252
EVE-00169,SHI-00169,ai_assisted,2026-05-25T15:55:00,rejected,manual,4936,true,legacy,0.061
EVE-00170,SHI-00170,high_risk,2026-08-01T05:16:00,high_risk,internal,4040,true,rejected,0.685
EVE-00171,SHI-00171,not_enforced,2026-07-15T20:06:00,degraded,vendor,53,true,vendor,0.251
EVE-00172,SHI-00172,rejected,2026-06-11T18:42:00,degraded,high_risk,4956,true,ai_assisted,0.827
EVE-00173,SHI-00173,ai_assisted,2026-01-22T00:47:00,internal,vendor,1171,false,legacy,0.242
EVE-00174,SHI-00174,standard,2026-08-15T08:25:00,degraded,legacy,1139,false,pending,0.256
EVE-00175,SHI-00175,pending,2026-08-28T14:11:00,ai_assisted,standard,4585,true,pending,0.729
EVE-00176,SHI-00176,approved,2026-02-25T11:05:00,standard,approved,2089,false,rejected,0.795
EVE-00177,SHI-00177,approved,2026-07-23T16:08:00,pending,pending,771,true,standard,0.232
EVE-00178,SHI-00178,high_risk,2026-08-08T15:38:00,vendor,pending,2463,false,ai_assisted,0.994
EVE-00179,SHI-00179,legacy,2026-05-10T03:33:00,manual,not_enforced,4080,false,pending,0.126
EVE-00180,SHI-00180,rejected,2026-06-14T20:35:00,requires_review,degraded,3916,false,not_enforced,0.563
EVE-00181,SHI-00181,internal,2026-01-03T03:17:00,pending,vendor,3757,true,rejected,0.993
EVE-00182,SHI-00182,normal,2026-02-11T02:21:00,legacy,manual,136,false,normal,0.404
EVE-00183,SHI-00183,not_enforced,2026-06-08T02:44:00,not_enforced,normal,3409,true,standard,0.786
EVE-00184,SHI-00184,high_risk,2026-09-09T22:10:00,requires_review,not_enforced,848,true,rejected,0.598
EVE-00185,SHI-00185,approved,2026-01-18T07:06:00,degraded,manual,490,true,requires_review,0.208
EVE-00186,SHI-00186,high_risk,2026-02-14T18:10:00,manual,rejected,3224,false,approved,0.003
EVE-00187,SHI-00187,pending,2026-09-10T09:55:00,vendor,approved,767,false,high_risk,0.406
EVE-00188,SHI-00188,internal,2026-07-22T18:39:00,requires_review,standard,393,true,legacy,0.369
EVE-00189,SHI-00189,requires_review,2026-04-11T07:03:00,legacy,not_enforced,849,false,internal,0.445
EVE-00190,SHI-00190,requires_review,2026-05-10T07:07:00,high_risk,standard,1984,true,pending,0.228
EVE-00191,SHI-00191,approved,2026-06-11T00:48:00,normal,legacy,244,false,rejected,0.894
EVE-00192,SHI-00192,requires_review,2026-08-08T06:15:00,approved,normal,1798,true,manual,0.116
EVE-00193,SHI-00193,requires_review,2026-06-10T03:33:00,degraded,requires_review,2390,true,vendor,0.498
EVE-00194,SHI-00194,standard,2026-01-09T09:21:00,approved,not_enforced,4023,true,rejected,0.647
EVE-00195,SHI-00195,ai_assisted,2026-02-07T12:27:00,requires_review,degraded,4664,false,legacy,0.671
EVE-00196,SHI-00196,degraded,2026-05-13T17:27:00,requires_review,not_enforced,206,false,rejected,0.206
EVE-00197,SHI-00197,normal,2026-03-29T07:58:00,vendor,legacy,844,true,requires_review,0.179
EVE-00198,SHI-00198,high_risk,2026-01-04T04:05:00,requires_review,standard,2790,false,high_risk,0.884
EVE-00199,SHI-00199,ai_assisted,2026-04-08T10:14:00,manual,standard,3962,false,pending,0.519
EVE-00200,SHI-00200,pending,2026-07-13T15:45:00,vendor,not_enforced,2579,false,requires_review,0.816
EVE-00201,SHI-00201,degraded,2026-01-06T06:48:00,vendor,requires_review,860,true,approved,0.412
EVE-00202,SHI-00202,approved,2026-04-27T15:42:00,legacy,degraded,3722,true,pending,0.729
EVE-00203,SHI-00203,normal,2026-02-01T13:44:00,vendor,standard,3493,true,standard,0.148
EVE-00204,SHI-00204,legacy,2026-08-24T20:03:00,internal,legacy,3341,true,normal,0.764
EVE-00205,SHI-00205,internal,2026-03-11T07:47:00,manual,manual,1264,true,internal,0.777
EVE-00206,SHI-00206,approved,2026-09-20T01:09:00,legacy,internal,3276,false,degraded,0.143
EVE-00207,SHI-00207,standard,2026-06-09T11:09:00,rejected,high_risk,2065,true,high_risk,0.177
EVE-00208,SHI-00208,requires_review,2026-05-14T00:56:00,approved,vendor,269,false,manual,0.833
EVE-00209,SHI-00209,requires_review,2026-02-05T15:14:00,requires_review,manual,3348,false,legacy,0.709
EVE-00210,SHI-00210,rejected,2026-06-30T20:56:00,legacy,normal,3805,true,normal,0.619
EVE-00211,SHI-00211,manual,2026-02-06T22:55:00,vendor,pending,2706,true,internal,0.937
EVE-00212,SHI-00212,manual,2026-06-28T23:25:00,high_risk,normal,1658,true,ai_assisted,0.238
EVE-00213,SHI-00213,standard,2026-02-22T07:36:00,approved,manual,1631,true,requires_review,0.085
EVE-00214,SHI-00214,normal,2026-04-22T20:48:00,manual,ai_assisted,2634,false,requires_review,0.684
EVE-00215,SHI-00215,pending,2026-02-12T13:43:00,normal,rejected,855,true,degraded,0.919
EVE-00216,SHI-00216,internal,2026-04-30T15:07:00,normal,ai_assisted,3362,true,normal,0.012
EVE-00217,SHI-00217,approved,2026-02-01T03:56:00,manual,normal,1449,false,approved,0.944
EVE-00218,SHI-00218,manual,2026-05-30T17:31:00,high_risk,not_enforced,2005,true,standard,0.178
EVE-00219,SHI-00219,standard,2026-08-07T01:05:00,rejected,vendor,2304,true,not_enforced,0.549
EVE-00220,SHI-00220,degraded,2026-09-04T22:18:00,vendor,standard,2571,true,manual,0.221
EVE-00221,SHI-00221,requires_review,2026-01-25T16:57:00,standard,not_enforced,3762,true,pending,0.956
EVE-00222,SHI-00222,internal,2026-06-10T18:49:00,internal,internal,1129,true,internal,0.443
EVE-00223,SHI-00223,normal,2026-02-03T04:00:00,degraded,rejected,689,true,not_enforced,0.456
EVE-00224,SHI-00224,degraded,2026-03-24T18:13:00,not_enforced,legacy,1191,true,high_risk,0.075
EVE-00225,SHI-00225,high_risk,2026-03-13T15:51:00,normal,requires_review,1533,false,normal,0.13
EVE-00226,SHI-00226,requires_review,2026-05-02T07:52:00,ai_assisted,degraded,2381,true,legacy,0.564
EVE-00227,SHI-00227,manual,2026-08-07T11:20:00,ai_assisted,requires_review,4877,true,legacy,0.978
EVE-00228,SHI-00228,vendor,2026-08-27T09:26:00,ai_assisted,ai_assisted,4409,true,degraded,0.484
EVE-00229,SHI-00229,vendor,2026-05-31T19:55:00,normal,approved,2320,false,internal,0.364
EVE-00230,SHI-00230,high_risk,2026-06-21T17:21:00,ai_assisted,approved,3513,true,manual,0.942
EVE-00231,SHI-00231,pending,2026-05-18T15:00:00,high_risk,internal,41,true,approved,0.179
EVE-00232,SHI-00232,not_enforced,2026-03-10T20:49:00,requires_review,not_enforced,658,true,legacy,0.93
EVE-00233,SHI-00233,ai_assisted,2026-06-23T05:38:00,pending,internal,2430,true,pending,0.64
EVE-00234,SHI-00234,requires_review,2026-02-13T03:30:00,requires_review,degraded,3594,true,normal,0.663
EVE-00235,SHI-00235,vendor,2026-04-27T05:41:00,internal,ai_assisted,3748,true,degraded,0.6
EVE-00236,SHI-00236,requires_review,2026-03-06T07:50:00,internal,degraded,2461,false,not_enforced,0.799
EVE-00237,SHI-00237,normal,2026-02-17T22:13:00,degraded,ai_assisted,1693,false,requires_review,0.637
EVE-00238,SHI-00238,manual,2026-08-08T03:59:00,requires_review,normal,3974,false,internal,0.652
EVE-00239,SHI-00239,standard,2026-09-01T19:12:00,internal,manual,3549,true,ai_assisted,0.248
EVE-00240,SHI-00240,requires_review,2026-04-06T21:43:00,high_risk,ai_assisted,1623,false,rejected,0.728
EVE-00241,SHI-00241,not_enforced,2026-02-22T21:07:00,vendor,standard,1458,false,requires_review,0.326
EVE-00242,SHI-00242,not_enforced,2026-06-11T13:01:00,legacy,ai_assisted,1123,false,not_enforced,0.822
EVE-00243,SHI-00243,requires_review,2026-01-28T18:12:00,pending,standard,2225,true,standard,0.394
EVE-00244,SHI-00244,degraded,2026-04-02T00:38:00,standard,approved,2345,false,legacy,0.419
EVE-00245,SHI-00245,not_enforced,2026-09-18T21:02:00,legacy,not_enforced,3034,true,internal,0.723
EVE-00246,SHI-00246,manual,2026-08-12T05:08:00,internal,manual,4891,true,degraded,0.822
EVE-00247,SHI-00247,approved,2026-01-27T02:31:00,standard,approved,1823,false,legacy,0.856
EVE-00248,SHI-00248,standard,2026-02-02T02:53:00,legacy,high_risk,3910,true,vendor,0.131
EVE-00249,SHI-00249,ai_assisted,2026-08-16T12:33:00,vendor,legacy,1229,false,rejected,0.952
EVE-00250,SHI-00250,approved,2026-03-30T11:18:00,ai_assisted,normal,1789,false,normal,0.157
EVE-00251,SHI-00251,rejected,2026-05-29T11:07:00,normal,legacy,2158,true,ai_assisted,0.699
EVE-00252,SHI-00252,legacy,2026-07-14T20:07:00,degraded,degraded,1492,true,rejected,0.971
EVE-00253,SHI-00253,pending,2026-07-08T17:52:00,degraded,not_enforced,3528,true,requires_review,0.252
EVE-00254,SHI-00254,approved,2026-05-13T12:05:00,not_enforced,vendor,2435,true,rejected,0.871
EVE-00255,SHI-00255,standard,2026-03-03T19:59:00,degraded,degraded,4293,true,degraded,0.163
EVE-00256,SHI-00256,ai_assisted,2026-06-25T11:10:00,not_enforced,manual,4436,true,vendor,0.631
EVE-00257,SHI-00257,legacy,2026-04-30T21:29:00,ai_assisted,legacy,4730,false,degraded,0.734
EVE-00258,SHI-00258,manual,2026-01-20T05:52:00,ai_assisted,pending,4998,true,legacy,0.717
EVE-00259,SHI-00259,vendor,2026-05-25T07:23:00,standard,degraded,2947,true,ai_assisted,0.261
EVE-00260,SHI-00260,internal,2026-04-03T02:22:00,approved,ai_assisted,1740,true,vendor,0.125
EVE-00261,SHI-00261,rejected,2026-05-12T06:44:00,ai_assisted,not_enforced,1860,false,internal,0.808
EVE-00262,SHI-00262,approved,2026-04-06T20:26:00,approved,rejected,4450,true,internal,0.215
EVE-00263,SHI-00263,pending,2026-01-04T01:56:00,high_risk,normal,2293,true,not_enforced,0.482
EVE-00264,SHI-00264,ai_assisted,2026-03-23T14:54:00,legacy,manual,650,false,not_enforced,0.444
EVE-00265,SHI-00265,rejected,2026-04-28T14:57:00,normal,degraded,4124,false,legacy,0.971
EVE-00266,SHI-00266,internal,2026-04-09T13:27:00,not_enforced,legacy,1186,false,degraded,0.285
EVE-00267,SHI-00267,high_risk,2026-02-12T11:43:00,vendor,not_enforced,1202,false,requires_review,0.437
EVE-00268,SHI-00268,high_risk,2026-08-20T21:42:00,approved,not_enforced,890,true,high_risk,0.658
EVE-00269,SHI-00269,standard,2026-07-03T22:54:00,ai_assisted,ai_assisted,4778,false,degraded,0.497
EVE-00270,SHI-00270,high_risk,2026-01-30T09:16:00,normal,normal,1290,true,degraded,0.909
EVE-00271,SHI-00271,pending,2026-03-25T17:09:00,high_risk,degraded,608,true,not_enforced,0.355
EVE-00272,SHI-00272,manual,2026-01-03T18:24:00,legacy,pending,1832,true,internal,0.908
EVE-00273,SHI-00273,manual,2026-07-20T21:23:00,internal,manual,2074,true,not_enforced,0.472
EVE-00274,SHI-00274,vendor,2026-07-03T19:20:00,rejected,legacy,3508,false,ai_assisted,0.375
EVE-00275,SHI-00275,pending,2026-03-03T06:00:00,approved,pending,4577,false,high_risk,0.486
EVE-00276,SHI-00276,vendor,2026-07-09T10:43:00,high_risk,ai_assisted,2269,false,rejected,0.91
EVE-00277,SHI-00277,manual,2026-07-17T17:17:00,ai_assisted,standard,2480,false,approved,0.7
EVE-00278,SHI-00278,rejected,2026-08-28T19:02:00,ai_assisted,requires_review,4776,false,degraded,0.972
EVE-00279,SHI-00279,standard,2026-02-23T00:47:00,requires_review,manual,710,false,ai_assisted,0.571
EVE-00280,SHI-00280,normal,2026-06-10T11:24:00,vendor,ai_assisted,2771,true,degraded,0.335
EVE-00281,SHI-00281,standard,2026-04-28T09:44:00,high_risk,degraded,3667,true,vendor,0.035
EVE-00282,SHI-00282,requires_review,2026-04-03T03:57:00,legacy,high_risk,2170,false,pending,0.698
EVE-00283,SHI-00283,ai_assisted,2026-02-15T09:40:00,normal,ai_assisted,4214,true,legacy,0.096
EVE-00284,SHI-00284,normal,2026-06-04T13:38:00,not_enforced,rejected,3888,true,requires_review,0.61
EVE-00285,SHI-00285,requires_review,2026-05-02T10:52:00,not_enforced,manual,1594,true,standard,0.654
EVE-00286,SHI-00286,ai_assisted,2026-08-03T02:02:00,vendor,degraded,1514,true,rejected,0.134
EVE-00287,SHI-00287,rejected,2026-03-09T00:22:00,manual,standard,4403,true,ai_assisted,0.854
EVE-00288,SHI-00288,requires_review,2026-08-17T11:41:00,approved,normal,3317,true,high_risk,0.699
EVE-00289,SHI-00289,pending,2026-02-11T21:38:00,requires_review,manual,700,true,legacy,0.409
EVE-00290,SHI-00290,legacy,2026-07-17T23:08:00,approved,approved,184,true,internal,0.658
EVE-00291,SHI-00291,ai_assisted,2026-07-16T00:23:00,degraded,approved,2443,true,not_enforced,0.503
EVE-00292,SHI-00292,internal,2026-08-21T09:52:00,rejected,legacy,906,false,requires_review,0.231
EVE-00293,SHI-00293,not_enforced,2026-09-10T09:02:00,ai_assisted,ai_assisted,901,false,not_enforced,0.067
EVE-00294,SHI-00294,vendor,2026-03-21T15:44:00,degraded,normal,2497,false,pending,0.672
EVE-00295,SHI-00295,pending,2026-01-05T20:48:00,internal,approved,4466,false,standard,0.466
EVE-00296,SHI-00296,normal,2026-06-18T00:16:00,internal,vendor,46,true,not_enforced,0.472
EVE-00297,SHI-00297,degraded,2026-08-13T09:35:00,not_enforced,manual,4557,false,vendor,0.165
EVE-00298,SHI-00298,legacy,2026-09-13T03:21:00,not_enforced,legacy,3822,true,legacy,0.352
EVE-00299,SHI-00299,normal,2026-08-09T17:53:00,ai_assisted,degraded,86,true,not_enforced,0.081
EVE-00300,SHI-00300,requires_review,2026-09-14T17:58:00,normal,approved,1304,true,approved,0.393
EVE-00301,SHI-00301,manual,2026-04-04T09:23:00,rejected,high_risk,751,true,legacy,0.86
EVE-00302,SHI-00302,degraded,2026-07-20T22:45:00,standard,high_risk,3345,true,ai_assisted,0.987
EVE-00303,SHI-00303,standard,2026-06-24T20:11:00,not_enforced,vendor,1349,false,rejected,0.051
EVE-00304,SHI-00304,pending,2026-07-04T06:11:00,ai_assisted,vendor,1881,false,rejected,0.654
EVE-00305,SHI-00305,high_risk,2026-09-12T04:22:00,rejected,rejected,3531,true,requires_review,0.792
EVE-00306,SHI-00306,internal,2026-02-25T08:01:00,normal,ai_assisted,1976,false,approved,0.19
EVE-00307,SHI-00307,internal,2026-08-21T00:28:00,internal,standard,3211,true,legacy,0.496
EVE-00308,SHI-00308,pending,2026-07-28T16:03:00,rejected,normal,3844,true,manual,0.118
EVE-00309,SHI-00309,ai_assisted,2026-07-03T16:24:00,not_enforced,degraded,1739,false,high_risk,0.437
EVE-00310,SHI-00310,ai_assisted,2026-07-01T07:42:00,high_risk,vendor,4958,true,pending,0.285
EVE-00311,SHI-00311,pending,2026-01-03T01:58:00,high_risk,normal,4408,false,ai_assisted,0.892
EVE-00312,SHI-00312,internal,2026-07-10T22:19:00,normal,normal,4249,false,high_risk,0.395
EVE-00313,SHI-00313,degraded,2026-07-28T20:53:00,degraded,pending,918,false,standard,0.427
EVE-00314,SHI-00314,legacy,2026-06-19T06:55:00,normal,pending,3716,false,standard,0.805
EVE-00315,SHI-00315,manual,2026-02-12T03:30:00,internal,rejected,2024,false,normal,0.203
EVE-00316,SHI-00316,internal,2026-07-31T20:39:00,approved,ai_assisted,1228,false,internal,0.049
EVE-00317,SHI-00317,approved,2026-01-31T00:31:00,standard,normal,1264,true,standard,0.479
EVE-00318,SHI-00318,manual,2026-08-27T05:31:00,vendor,not_enforced,786,true,standard,0.703
EVE-00319,SHI-00319,legacy,2026-07-03T16:30:00,vendor,normal,2799,false,standard,0.912
EVE-00320,SHI-00320,not_enforced,2026-08-28T03:56:00,vendor,high_risk,3378,false,degraded,0.619
EVE-00321,SHI-00321,normal,2026-02-07T14:54:00,not_enforced,approved,4890,false,standard,0.843
EVE-00322,SHI-00322,high_risk,2026-07-19T14:00:00,normal,high_risk,1259,false,internal,0.257
EVE-00323,SHI-00323,ai_assisted,2026-03-15T20:13:00,rejected,pending,1535,true,rejected,0.648
EVE-00324,SHI-00324,rejected,2026-08-06T15:57:00,pending,legacy,3322,false,legacy,0.367
EVE-00325,SHI-00325,requires_review,2026-01-15T22:36:00,manual,high_risk,342,false,vendor,0.574
EVE-00326,SHI-00326,standard,2026-08-24T09:25:00,requires_review,internal,4578,true,rejected,0.686
EVE-00327,SHI-00327,requires_review,2026-07-31T09:57:00,not_enforced,internal,4814,true,legacy,0.797
EVE-00328,SHI-00328,degraded,2026-04-08T03:54:00,manual,rejected,1389,true,approved,0.496
EVE-00329,SHI-00329,pending,2026-07-14T01:52:00,manual,vendor,816,true,legacy,0.042
EVE-00330,SHI-00330,degraded,2026-01-05T06:49:00,vendor,pending,4632,true,legacy,0.407
EVE-00331,SHI-00331,ai_assisted,2026-09-05T04:46:00,approved,legacy,294,false,standard,0.419
EVE-00332,SHI-00332,degraded,2026-08-10T20:56:00,rejected,standard,218,true,vendor,0.877
EVE-00333,SHI-00333,standard,2026-07-28T00:18:00,high_risk,internal,460,true,pending,0.022
EVE-00334,SHI-00334,ai_assisted,2026-05-04T07:07:00,requires_review,legacy,3990,true,pending,0.062
EVE-00335,SHI-00335,legacy,2026-01-23T06:14:00,pending,vendor,3043,true,normal,0.373
EVE-00336,SHI-00336,approved,2026-02-27T00:17:00,not_enforced,manual,626,false,not_enforced,0.909
EVE-00337,SHI-00337,ai_assisted,2026-05-12T13:26:00,degraded,legacy,3080,true,manual,0.362
EVE-00338,SHI-00338,high_risk,2026-07-24T17:05:00,approved,degraded,4364,true,normal,0.791
EVE-00339,SHI-00339,degraded,2026-03-15T16:03:00,vendor,degraded,638,true,rejected,0.907
EVE-00340,SHI-00340,requires_review,2026-05-03T14:07:00,requires_review,ai_assisted,767,false,pending,0.586
EVE-00341,SHI-00341,vendor,2026-03-03T04:56:00,rejected,rejected,990,false,standard,0.284
EVE-00342,SHI-00342,degraded,2026-04-02T01:41:00,degraded,pending,3667,false,rejected,0.76
EVE-00343,SHI-00343,normal,2026-04-06T11:21:00,vendor,manual,371,true,internal,0.551
EVE-00344,SHI-00344,vendor,2026-04-25T20:25:00,high_risk,requires_review,4264,false,degraded,0.058
EVE-00345,SHI-00345,manual,2026-02-23T06:02:00,ai_assisted,high_risk,957,true,not_enforced,0.12
EVE-00346,SHI-00346,requires_review,2026-04-04T17:35:00,degraded,not_enforced,1005,false,internal,0.61
EVE-00347,SHI-00347,internal,2026-07-26T10:56:00,standard,requires_review,1987,true,manual,0.457
EVE-00348,SHI-00348,standard,2026-01-04T04:44:00,vendor,approved,1761,false,standard,0.971
EVE-00349,SHI-00349,not_enforced,2026-03-12T23:59:00,pending,requires_review,2452,false,degraded,0.877
EVE-00350,SHI-00350,pending,2026-07-24T00:16:00,high_risk,legacy,3373,true,rejected,0.86
EVE-00004,SHI-00005,requires_review,2026-04-28T01:34:00,standard,approved,1776,false,requires_review,0.907
TRA-BAD1,,,,,,,,,
EVE-00013,SHI-00013,pending,1900-01-01T00:00:00,internal,internal,426,false,legacy,0.422
EVE-00019,SHI-00019,requires_review,2026-05-15T07:34:00,high_risk,pending,3138,false,internal,1.42
