vehicle_id,vehicle_type,capacity_kg,current_location,driver_id,maintenance_status,cold_chain_capable,fuel_level_pct,region
REC-0001,standard,2828.35,vendor,DRI-00001,requires_review,true,0.935,central-5
VEH-00002,normal,3798.13,pending,DRI-00002,normal,true,0.672,central-5
VEH-00003,requires_review,5576.45,not_enforced,DRI-00003,rejected,false,0.517,north-1
VEH-00004,legacy,2730.54,pending,DRI-00004,standard,false,0.918,north-1
VEH-00005,legacy,1619.83,vendor,DRI-00005,degraded,true,0.917,east-4
VEH-00006,internal,7859.79,approved,DRI-00006,normal,true,0.459,east-4
VEH-00007,standard,9147.03,manual,DRI-00007,vendor,false,0.464,remote-6
VEH-00008,not_enforced,4659.03,standard,DRI-00008,vendor,true,0.031,north-1
VEH-00009,legacy,4220.98,rejected,DRI-00009,rejected,true,0.773,central-5
VEH-00010,approved,8795.33,manual,DRI-00010,high_risk,false,0.529,south-2
VEH-00011,vendor,9620.63,not_enforced,DRI-00011,approved,false,0.284,south-2
VEH-00012,pending,2078.38,manual,DRI-00012,vendor,false,0.834,remote-6
VEH-00013,requires_review,830.62,requires_review,DRI-00013,rejected,false,0.267,remote-6
VEH-00014,high_risk,8283.18,requires_review,DRI-00014,legacy,false,0.623,central-5
VEH-00015,internal,6298.93,normal,DRI-00015,ai_assisted,true,0.414,remote-6
VEH-00016,vendor,7534.43,not_enforced,DRI-00016,internal,true,0.817,south-2
VEH-00017,requires_review,9528.34,rejected,DRI-00017,normal,false,0.141,remote-6
VEH-00018,vendor,1934.42,high_risk,DRI-00018,vendor,true,0.099,north-1
VEH-00019,high_risk,6402.24,not_enforced,DRI-00019,standard,true,0.208,north-1
VEH-00020,standard,9518.52,vendor,DRI-00020,pending,true,0.254,south-2
VEH-00021,legacy,9218.51,legacy,DRI-00021,degraded,true,0.537,west-3
VEH-00022,not_enforced,6588.88,legacy,DRI-00022,manual,true,0.163,remote-6
VEH-00023,degraded,4442.85,manual,DRI-00023,vendor,true,0.749,north-1
VEH-00024,ai_assisted,6875.07,internal,DRI-00024,requires_review,false,0.489,west-3
VEH-00025,vendor,9978.42,requires_review,DRI-00025,not_enforced,true,0.868,remote-6
VEH-00026,standard,7969.72,internal,DRI-00026,internal,true,0.893,remote-6
VEH-00027,normal,2589.55,high_risk,DRI-00027,vendor,false,0.123,north-1
VEH-00028,not_enforced,5225.09,ai_assisted,DRI-00028,requires_review,false,0.818,west-3
VEH-00029,vendor,6743.22,high_risk,DRI-00029,pending,true,0.174,south-2
VEH-00030,high_risk,4322.79,degraded,DRI-00030,standard,true,0.646,central-5
VEH-00031,pending,735.92,high_risk,DRI-00031,approved,true,0.885,north-1
VEH-00032,pending,4531.84,rejected,DRI-00032,legacy,true,0.997,central-5
VEH-00033,vendor,5471.61,not_enforced,DRI-00033,internal,false,0.685,west-3
VEH-00034,rejected,9751.49,degraded,DRI-00034,high_risk,false,0.03,east-4
VEH-00035,high_risk,5907.2,not_enforced,DRI-00035,ai_assisted,true,0.752,south-2
VEH-00036,standard,4222.81,legacy,DRI-00036,vendor,true,0.578,west-3
VEH-00037,standard,2182.57,manual,DRI-00037,pending,true,0.545,north-1
VEH-00038,standard,8420.01,manual,DRI-00038,degraded,true,0.955,central-5
VEH-00039,rejected,5932.58,requires_review,DRI-00039,rejected,false,0.967,west-3
VEH-00040,not_enforced,3996.68,ai_assisted,DRI-00040,not_enforced,true,0.974,south-2
VEH-00041,approved,5355.63,high_risk,DRI-00041,approved,false,0.995,west-3
VEH-00042,vendor,1981.48,legacy,DRI-00042,manual,true,0.746,north-1
VEH-00043,high_risk,6876.34,vendor,DRI-00043,pending,false,0.232,east-4
VEH-00044,ai_assisted,1837.01,high_risk,DRI-00044,pending,false,0.97,central-5
VEH-00045,vendor,5767.75,internal,DRI-00045,requires_review,true,0.982,central-5
VEH-00046,not_enforced,6070.73,legacy,DRI-00046,high_risk,false,0.983,south-2
VEH-00047,internal,7205.44,internal,DRI-00047,internal,false,0.188,east-4
VEH-00048,requires_review,6894.26,degraded,DRI-00048,legacy,false,0.787,remote-6
VEH-00049,not_enforced,3449.75,requires_review,DRI-00049,normal,true,0.643,east-4
VEH-00050,degraded,5534.04,internal,DRI-00050,normal,false,0.281,west-3
VEH-00051,pending,6875.26,requires_review,DRI-00051,standard,false,0.556,west-3
VEH-00052,requires_review,3841.14,rejected,DRI-00052,legacy,true,0.448,west-3
VEH-00053,not_enforced,9189.64,not_enforced,DRI-00053,approved,false,0.864,east-4
VEH-00054,pending,636.08,vendor,DRI-00054,standard,true,0.883,west-3
VEH-00055,rejected,1525.33,internal,DRI-00055,approved,false,0.807,west-3
VEH-00056,not_enforced,2080.19,rejected,DRI-00056,degraded,false,0.331,remote-6
VEH-00057,not_enforced,2305.72,normal,DRI-00057,internal,false,0.354,south-2
VEH-00058,ai_assisted,6577.08,manual,DRI-00058,requires_review,true,0.922,south-2
VEH-00059,high_risk,6522.56,manual,DRI-00059,approved,true,0.791,north-1
VEH-00060,high_risk,1320.54,internal,DRI-00060,normal,false,0.079,central-5
VEH-00061,requires_review,5628.85,ai_assisted,DRI-00061,pending,true,0.024,north-1
VEH-00062,legacy,6436.98,legacy,DRI-00062,manual,false,0.003,north-1
VEH-00063,internal,4113.59,ai_assisted,DRI-00063,degraded,true,0.709,remote-6
VEH-00064,not_enforced,6916.58,not_enforced,DRI-00064,high_risk,true,0.136,central-5
VEH-00065,requires_review,5570.66,rejected,DRI-00065,pending,true,0.709,remote-6
VEH-00066,degraded,5520.52,requires_review,DRI-00066,ai_assisted,true,0.046,remote-6
VEH-00067,high_risk,1050.51,manual,DRI-00067,not_enforced,false,0.16,central-5
VEH-00068,ai_assisted,7514.09,requires_review,DRI-00068,manual,true,0.209,north-1
VEH-00069,vendor,2482.31,legacy,DRI-00069,legacy,true,0.511,west-3
VEH-00070,vendor,3087.43,requires_review,DRI-00070,degraded,false,0.081,south-2
VEH-00071,rejected,744.06,requires_review,DRI-00071,manual,false,0.349,east-4
VEH-00072,normal,9015.02,not_enforced,DRI-00072,rejected,true,0.938,remote-6
VEH-00073,high_risk,5032.03,not_enforced,DRI-00073,approved,true,0.849,north-1
VEH-00074,vendor,1322.75,vendor,DRI-00074,internal,true,0.27,remote-6
VEH-00075,requires_review,2054.94,pending,DRI-00075,requires_review,false,0.538,east-4
VEH-00076,legacy,4335.83,rejected,DRI-00076,ai_assisted,false,0.075,north-1
VEH-00077,internal,7328.28,standard,DRI-00077,high_risk,true,0.063,central-5
VEH-00078,requires_review,1084.78,degraded,DRI-00078,rejected,false,0.77,remote-6
VEH-00079,vendor,9755.43,normal,DRI-00079,legacy,true,0.204,north-1
VEH-00080,vendor,7788.01,normal,DRI-00080,manual,true,0.502,west-3
VEH-00081,vendor,2631.24,degraded,DRI-00081,ai_assisted,true,0.444,central-5
VEH-00082,requires_review,2164.93,normal,DRI-00082,high_risk,false,0.28,central-5
VEH-00083,internal,8117.93,requires_review,DRI-00083,degraded,true,0.55,central-5
VEH-00084,vendor,3364.75,ai_assisted,DRI-00084,vendor,false,0.476,remote-6
VEH-00085,not_enforced,4409.8,internal,DRI-00085,pending,false,0.796,west-3
VEH-00086,degraded,6060.83,degraded,DRI-00086,manual,true,0.825,south-2
VEH-00087,requires_review,2086.2,standard,DRI-00087,normal,true,0.587,east-4
VEH-00088,vendor,5526.85,internal,DRI-00088,pending,true,0.619,central-5
VEH-00089,requires_review,331.85,not_enforced,DRI-00089,rejected,false,0.508,central-5
VEH-00090,ai_assisted,7087.89,legacy,DRI-00090,approved,false,0.746,remote-6
VEH-00091,internal,5678.33,high_risk,DRI-00091,internal,false,0.187,south-2
VEH-00092,requires_review,520.58,legacy,DRI-00092,pending,true,0.276,south-2
VEH-00093,pending,7314.86,high_risk,DRI-00093,standard,true,0.331,south-2
VEH-00094,high_risk,6243.09,standard,DRI-00094,high_risk,true,0.167,south-2
VEH-00095,degraded,303.22,rejected,DRI-00095,manual,false,0.349,north-1
VEH-00096,internal,2646.63,requires_review,DRI-00096,internal,true,0.649,north-1
VEH-00097,requires_review,7003.36,ai_assisted,DRI-00097,approved,false,0.459,west-3
VEH-00098,rejected,9842.92,legacy,DRI-00098,pending,false,0.189,central-5
VEH-00099,approved,4901.15,degraded,DRI-00099,vendor,false,0.484,south-2
VEH-00100,not_enforced,9409.55,degraded,DRI-00100,rejected,false,0.793,remote-6
VEH-00101,standard,7913.0,pending,DRI-00101,degraded,false,0.353,central-5
VEH-00102,standard,7838.26,rejected,DRI-00102,approved,false,0.655,south-2
VEH-00103,requires_review,3263.51,vendor,DRI-00103,vendor,false,0.492,north-1
VEH-00104,manual,2652.1,approved,DRI-00104,high_risk,false,0.362,central-5
VEH-00105,high_risk,4212.03,internal,DRI-00105,pending,false,0.287,central-5
VEH-00106,manual,1745.73,pending,DRI-00106,high_risk,true,0.486,north-1
VEH-00107,manual,9112.48,normal,DRI-00107,vendor,false,0.113,central-5
VEH-00108,degraded,4752.29,ai_assisted,DRI-00108,ai_assisted,true,0.742,remote-6
VEH-00109,standard,8176.42,normal,DRI-00109,pending,true,0.03,remote-6
VEH-00110,vendor,4911.14,degraded,DRI-00110,vendor,false,0.755,west-3
VEH-00111,internal,5579.12,degraded,DRI-00111,high_risk,false,0.08,south-2
VEH-00112,rejected,9917.22,vendor,DRI-00112,legacy,true,0.409,central-5
VEH-00113,pending,4322.67,manual,DRI-00113,high_risk,false,0.743,north-1
VEH-00114,legacy,2212.39,ai_assisted,DRI-00114,internal,true,0.882,north-1
VEH-00115,not_enforced,9950.24,not_enforced,DRI-00115,internal,true,0.011,west-3
VEH-00116,legacy,3255.86,not_enforced,DRI-00116,degraded,false,0.013,central-5
VEH-00117,rejected,3173.18,internal,DRI-00117,vendor,false,0.346,south-2
VEH-00118,manual,5879.32,manual,DRI-00118,vendor,true,0.003,central-5
VEH-00119,ai_assisted,7728.14,ai_assisted,DRI-00119,manual,true,0.946,east-4
VEH-00120,normal,2556.93,manual,DRI-00120,pending,false,0.263,east-4
VEH-00121,pending,1897.35,rejected,DRI-00121,not_enforced,false,0.539,east-4
VEH-00122,requires_review,3904.57,pending,DRI-00122,degraded,true,0.647,north-1
VEH-00123,ai_assisted,1206.01,manual,DRI-00123,pending,true,0.186,central-5
VEH-00124,legacy,4510.98,manual,DRI-00124,rejected,true,0.014,east-4
VEH-00125,legacy,918.7,degraded,DRI-00125,vendor,false,0.731,east-4
VEH-00126,vendor,3866.41,high_risk,DRI-00126,rejected,false,0.829,west-3
VEH-00127,approved,196.15,ai_assisted,DRI-00127,manual,true,0.3,south-2
VEH-00128,rejected,110.73,normal,DRI-00128,approved,false,0.779,remote-6
VEH-00129,rejected,1920.54,internal,DRI-00129,degraded,false,0.844,central-5
VEH-00130,requires_review,4948.41,legacy,DRI-00130,manual,false,0.006,east-4
VEH-00131,approved,4910.46,internal,DRI-00131,high_risk,false,0.018,west-3
VEH-00132,legacy,9588.52,internal,DRI-00132,requires_review,true,0.576,south-2
VEH-00133,internal,6450.24,not_enforced,DRI-00133,normal,false,0.032,west-3
VEH-00134,internal,6575.58,high_risk,DRI-00134,ai_assisted,true,0.95,south-2
VEH-00135,rejected,7002.07,not_enforced,DRI-00135,vendor,false,0.388,south-2
VEH-00136,rejected,5641.42,manual,DRI-00136,vendor,false,0.31,remote-6
VEH-00137,high_risk,6870.25,normal,DRI-00137,not_enforced,false,0.103,west-3
VEH-00138,legacy,8539.19,normal,DRI-00138,normal,false,0.902,west-3
VEH-00139,approved,155.21,pending,DRI-00139,internal,true,0.181,west-3
VEH-00140,not_enforced,6227.62,legacy,DRI-00140,high_risk,false,0.544,north-1
VEH-00141,manual,8006.49,approved,DRI-00141,normal,true,0.051,west-3
VEH-00142,legacy,1235.19,requires_review,DRI-00142,legacy,false,0.453,south-2
VEH-00143,not_enforced,6458.52,vendor,DRI-00143,ai_assisted,false,0.108,remote-6
VEH-00144,pending,5780.73,high_risk,DRI-00144,ai_assisted,true,0.426,north-1
VEH-00145,normal,9180.61,rejected,DRI-00145,approved,true,0.233,south-2
VEH-00146,not_enforced,2568.51,normal,DRI-00146,approved,true,0.075,west-3
VEH-00147,approved,7193.84,internal,DRI-00147,normal,true,0.547,remote-6
VEH-00148,pending,6495.05,pending,DRI-00148,requires_review,false,0.002,north-1
VEH-00149,rejected,2395.1,approved,DRI-00149,manual,false,0.955,west-3
VEH-00150,standard,7817.56,pending,DRI-00150,not_enforced,true,0.001,central-5
VEH-00151,manual,2880.78,not_enforced,DRI-00151,high_risk,true,0.86,east-4
VEH-00152,not_enforced,9992.94,legacy,DRI-00152,legacy,false,0.201,west-3
VEH-00153,ai_assisted,7977.59,degraded,DRI-00153,ai_assisted,false,0.27,remote-6
VEH-00154,standard,4005.64,standard,DRI-00154,pending,false,0.318,south-2
VEH-00155,rejected,3478.16,standard,DRI-00155,degraded,false,0.257,east-4
VEH-00156,standard,8586.58,vendor,DRI-00156,rejected,false,0.129,remote-6
VEH-00157,normal,8253.58,ai_assisted,DRI-00157,normal,false,0.603,east-4
VEH-00158,rejected,3146.46,high_risk,DRI-00158,legacy,false,0.299,central-5
VEH-00159,approved,2334.8,degraded,DRI-00159,vendor,false,0.083,east-4
VEH-00160,rejected,6895.26,approved,DRI-00160,degraded,true,0.987,north-1
VEH-00161,legacy,49.44,normal,DRI-00161,normal,false,0.543,east-4
VEH-00162,vendor,7428.23,ai_assisted,DRI-00162,requires_review,false,0.77,north-1
VEH-00163,vendor,204.52,rejected,DRI-00163,not_enforced,false,0.726,west-3
VEH-00164,normal,9992.38,high_risk,DRI-00164,high_risk,true,0.695,south-2
VEH-00165,rejected,5307.14,degraded,DRI-00165,high_risk,true,0.685,north-1
VEH-00166,legacy,8288.42,high_risk,DRI-00166,normal,false,0.899,south-2
VEH-00167,pending,7399.92,not_enforced,DRI-00167,pending,true,0.848,remote-6
VEH-00168,internal,9130.64,requires_review,DRI-00168,internal,false,0.519,south-2
VEH-00169,ai_assisted,7306.58,legacy,DRI-00169,rejected,true,0.027,central-5
VEH-00170,approved,9712.61,high_risk,DRI-00170,legacy,false,0.795,north-1
VEH-00171,not_enforced,7744.13,requires_review,DRI-00171,not_enforced,false,0.837,east-4
VEH-00172,normal,5091.37,vendor,DRI-00172,high_risk,true,0.065,remote-6
VEH-00173,degraded,517.34,degraded,DRI-00173,pending,false,0.699,central-5
VEH-00174,approved,4152.84,high_risk,DRI-00174,degraded,true,0.3,central-5
VEH-00175,vendor,3945.0,standard,DRI-00175,not_enforced,false,0.69,central-5
VEH-00176,vendor,8732.93,approved,DRI-00176,ai_assisted,true,0.595,central-5
VEH-00177,manual,2076.51,approved,DRI-00177,vendor,true,0.888,remote-6
VEH-00178,legacy,4394.54,manual,DRI-00178,standard,true,0.975,north-1
VEH-00179,normal,5110.91,degraded,DRI-00179,pending,false,0.719,north-1
VEH-00180,pending,7788.7,approved,DRI-00180,rejected,true,0.842,central-5
VEH-00181,not_enforced,8677.49,pending,DRI-00181,rejected,false,0.942,remote-6
VEH-00182,not_enforced,2209.71,not_enforced,DRI-00182,approved,false,0.926,west-3
VEH-00183,vendor,4595.92,requires_review,DRI-00183,pending,true,0.979,south-2
VEH-00184,pending,4411.0,ai_assisted,DRI-00184,normal,false,0.9,north-1
VEH-00185,rejected,1539.22,vendor,DRI-00185,degraded,false,0.277,central-5
VEH-00186,approved,1414.1,internal,DRI-00186,vendor,true,0.416,central-5
VEH-00187,pending,4791.92,manual,DRI-00187,pending,false,0.14,south-2
VEH-00188,normal,8063.37,standard,DRI-00188,legacy,false,0.548,south-2
VEH-00189,legacy,6906.48,high_risk,DRI-00189,not_enforced,true,0.254,south-2
VEH-00190,rejected,8657.72,ai_assisted,DRI-00190,rejected,true,0.33,south-2
VEH-00191,high_risk,5243.27,high_risk,DRI-00191,vendor,false,0.884,central-5
VEH-00192,approved,140.47,not_enforced,DRI-00192,requires_review,true,0.06,west-3
VEH-00193,approved,638.55,high_risk,DRI-00193,high_risk,true,0.006,central-5
VEH-00194,manual,7117.82,vendor,DRI-00194,legacy,false,0.172,central-5
VEH-00195,rejected,9361.02,internal,DRI-00195,degraded,false,0.254,central-5
VEH-00196,requires_review,4812.86,ai_assisted,DRI-00196,manual,true,0.203,remote-6
VEH-00197,not_enforced,4221.49,degraded,DRI-00197,approved,true,0.545,east-4
VEH-00198,ai_assisted,7636.3,legacy,DRI-00198,normal,false,0.433,east-4
VEH-00199,degraded,5497.16,requires_review,DRI-00199,approved,false,0.65,central-5
VEH-00200,pending,5676.15,rejected,DRI-00200,requires_review,true,0.436,west-3
VEH-00201,legacy,2435.49,internal,DRI-00201,vendor,false,0.643,central-5
VEH-00202,not_enforced,6431.33,internal,DRI-00202,degraded,true,0.191,north-1
VEH-00203,legacy,7125.42,manual,DRI-00203,approved,false,0.789,north-1
VEH-00204,manual,5641.13,rejected,DRI-00204,manual,false,0.01,remote-6
VEH-00205,standard,107.41,approved,DRI-00205,approved,false,0.434,east-4
VEH-00206,manual,8008.79,pending,DRI-00206,normal,false,0.101,central-5
VEH-00207,pending,474.9,degraded,DRI-00207,approved,true,0.123,north-1
VEH-00208,pending,1085.03,pending,DRI-00208,standard,true,0.915,south-2
VEH-00209,standard,6930.4,standard,DRI-00209,normal,false,0.97,east-4
VEH-00210,vendor,2810.19,normal,DRI-00210,approved,false,0.582,central-5
VEH-00211,requires_review,2257.39,approved,DRI-00211,approved,true,0.797,south-2
VEH-00212,normal,1131.36,normal,DRI-00212,high_risk,false,0.179,east-4
VEH-00213,internal,6507.59,degraded,DRI-00213,requires_review,true,0.193,remote-6
VEH-00214,rejected,5218.49,standard,DRI-00214,not_enforced,false,0.25,west-3
VEH-00215,rejected,8065.51,normal,DRI-00215,pending,false,0.344,central-5
VEH-00216,high_risk,3571.04,legacy,DRI-00216,vendor,false,0.187,south-2
VEH-00217,standard,4663.87,normal,DRI-00217,not_enforced,false,0.384,west-3
VEH-00218,legacy,4756.77,degraded,DRI-00218,normal,false,0.115,south-2
VEH-00219,internal,9912.64,ai_assisted,DRI-00219,not_enforced,true,0.882,east-4
VEH-00220,standard,6620.44,normal,DRI-00220,vendor,false,0.002,central-5
VEH-00221,vendor,6140.3,vendor,DRI-00221,pending,true,0.137,north-1
VEH-00222,legacy,8002.67,manual,DRI-00222,requires_review,false,0.005,south-2
VEH-00223,internal,5967.62,ai_assisted,DRI-00223,pending,true,0.775,remote-6
VEH-00224,degraded,692.81,requires_review,DRI-00224,legacy,false,0.312,east-4
VEH-00225,approved,7500.2,high_risk,DRI-00225,approved,false,0.163,west-3
VEH-00226,requires_review,2772.41,legacy,DRI-00226,internal,false,0.778,south-2
VEH-00227,normal,4156.91,pending,DRI-00227,vendor,true,0.666,north-1
VEH-00228,vendor,7827.51,legacy,DRI-00228,manual,false,0.591,north-1
VEH-00229,pending,4896.19,not_enforced,DRI-00229,requires_review,true,0.064,remote-6
VEH-00230,manual,4844.43,internal,DRI-00230,degraded,false,0.398,south-2
VEH-00231,high_risk,5721.11,vendor,DRI-00231,degraded,false,0.562,south-2
VEH-00232,pending,5438.36,degraded,DRI-00232,approved,true,0.324,east-4
VEH-00233,not_enforced,3659.78,manual,DRI-00233,standard,false,0.181,central-5
VEH-00234,degraded,7127.89,degraded,DRI-00234,standard,false,0.765,south-2
VEH-00235,standard,5675.1,normal,DRI-00235,approved,true,0.559,south-2
VEH-00236,vendor,8391.32,rejected,DRI-00236,manual,true,0.875,west-3
VEH-00237,approved,9535.6,legacy,DRI-00237,internal,true,0.248,remote-6
VEH-00238,manual,2019.13,not_enforced,DRI-00238,approved,false,0.876,west-3
VEH-00239,rejected,8835.97,vendor,DRI-00239,standard,true,0.736,north-1
VEH-00240,high_risk,339.22,standard,DRI-00240,internal,false,0.96,west-3
VEH-00241,requires_review,4324.85,requires_review,DRI-00241,vendor,false,0.021,west-3
VEH-00242,internal,3172.88,degraded,DRI-00242,not_enforced,true,0.392,north-1
VEH-00243,high_risk,8613.22,not_enforced,DRI-00243,legacy,true,0.192,east-4
VEH-00244,pending,9030.91,ai_assisted,DRI-00244,high_risk,true,0.861,east-4
VEH-00245,degraded,9708.1,legacy,DRI-00245,degraded,true,0.511,south-2
VEH-00246,requires_review,2949.75,vendor,DRI-00246,rejected,true,0.67,east-4
VEH-00247,degraded,2989.36,pending,DRI-00247,normal,false,0.265,remote-6
VEH-00248,vendor,5554.37,high_risk,DRI-00248,standard,true,0.621,north-1
VEH-00249,standard,3424.26,normal,DRI-00249,high_risk,true,0.608,north-1
VEH-00250,degraded,6246.37,degraded,DRI-00250,rejected,true,0.996,central-5
VEH-00251,vendor,9972.98,degraded,DRI-00251,requires_review,true,0.765,south-2
VEH-00252,vendor,9111.32,legacy,DRI-00252,pending,true,0.642,west-3
VEH-00253,standard,318.61,degraded,DRI-00253,normal,true,0.33,east-4
VEH-00254,internal,7159.12,degraded,DRI-00254,high_risk,true,0.052,remote-6
VEH-00255,rejected,211.19,internal,DRI-00255,legacy,false,0.864,south-2
VEH-00256,high_risk,2542.07,manual,DRI-00256,normal,true,0.268,north-1
VEH-00257,degraded,629.09,requires_review,DRI-00257,normal,true,0.757,north-1
VEH-00258,requires_review,9023.73,degraded,DRI-00258,internal,true,0.691,east-4
VEH-00259,standard,298.13,vendor,DRI-00259,degraded,true,0.829,central-5
VEH-00260,legacy,9210.26,degraded,DRI-00260,approved,true,0.921,south-2
VEH-00261,not_enforced,6935.78,normal,DRI-00261,approved,true,0.997,east-4
VEH-00262,internal,6337.57,degraded,DRI-00262,approved,true,0.086,east-4
VEH-00263,ai_assisted,4812.01,pending,DRI-00263,rejected,false,0.591,west-3
VEH-00264,internal,7852.83,not_enforced,DRI-00264,vendor,false,0.772,north-1
VEH-00265,pending,7064.22,legacy,DRI-00265,requires_review,true,0.0,central-5
VEH-00266,degraded,3016.97,manual,DRI-00266,ai_assisted,false,0.838,east-4
VEH-00267,internal,2087.48,standard,DRI-00267,approved,false,0.627,east-4
VEH-00268,requires_review,9117.69,pending,DRI-00268,not_enforced,true,0.354,west-3
VEH-00269,internal,4761.89,rejected,DRI-00269,legacy,true,0.111,east-4
VEH-00270,standard,3841.8,standard,DRI-00270,approved,true,0.329,north-1
VEH-00271,normal,5760.6,degraded,DRI-00271,requires_review,true,0.934,east-4
VEH-00272,standard,6156.02,high_risk,DRI-00272,internal,false,0.963,east-4
VEH-00273,not_enforced,4390.01,standard,DRI-00273,internal,false,0.042,central-5
VEH-00274,requires_review,5148.32,internal,DRI-00274,manual,true,0.57,central-5
VEH-00275,ai_assisted,9875.92,standard,DRI-00275,high_risk,true,0.509,south-2
VEH-00276,legacy,2246.91,rejected,DRI-00276,rejected,false,0.337,south-2
VEH-00277,requires_review,118.05,pending,DRI-00277,pending,true,0.604,east-4
VEH-00278,high_risk,7905.77,manual,DRI-00278,requires_review,false,0.123,south-2
VEH-00279,manual,9552.44,legacy,DRI-00279,normal,false,0.073,north-1
VEH-00280,legacy,7110.18,internal,DRI-00280,manual,true,0.46,south-2
VEH-00281,approved,6701.78,standard,DRI-00281,legacy,true,0.39,east-4
VEH-00282,standard,4982.19,manual,DRI-00282,degraded,true,0.158,west-3
VEH-00283,ai_assisted,6655.24,approved,DRI-00283,rejected,true,0.14,south-2
VEH-00284,manual,2315.33,high_risk,DRI-00284,pending,false,0.868,east-4
VEH-00285,high_risk,5201.6,standard,DRI-00285,vendor,true,0.716,south-2
VEH-00286,standard,1552.09,degraded,DRI-00286,normal,false,0.891,east-4
VEH-00287,legacy,2482.1,pending,DRI-00287,vendor,false,0.142,remote-6
VEH-00288,rejected,980.37,manual,DRI-00288,internal,true,0.893,south-2
VEH-00289,normal,2748.77,normal,DRI-00289,degraded,false,0.177,west-3
VEH-00290,legacy,8030.26,not_enforced,DRI-00290,degraded,false,0.46,east-4
VEH-00291,standard,8933.35,internal,DRI-00291,vendor,true,0.198,central-5
VEH-00292,vendor,7183.99,standard,DRI-00292,approved,false,0.856,north-1
VEH-00293,requires_review,8905.39,not_enforced,DRI-00293,manual,false,0.719,remote-6
VEH-00294,standard,7532.11,pending,DRI-00294,pending,true,0.488,east-4
VEH-00295,ai_assisted,1773.89,requires_review,DRI-00295,not_enforced,false,0.679,central-5
VEH-00296,not_enforced,3563.61,vendor,DRI-00296,requires_review,true,0.594,remote-6
VEH-00297,normal,1587.68,rejected,DRI-00297,normal,false,0.881,central-5
VEH-00298,not_enforced,9078.4,high_risk,DRI-00298,legacy,true,0.99,remote-6
VEH-00299,ai_assisted,3203.79,legacy,DRI-00299,internal,true,0.996,south-2
VEH-00300,internal,7000.87,standard,DRI-00300,pending,false,0.159,east-4
VEH-00301,not_enforced,3715.77,requires_review,DRI-00301,requires_review,true,0.727,north-1
VEH-00302,approved,3570.07,ai_assisted,DRI-00302,ai_assisted,false,0.558,south-2
VEH-00303,degraded,9313.78,ai_assisted,DRI-00303,approved,false,0.014,north-1
VEH-00304,normal,7433.66,degraded,DRI-00304,normal,true,0.762,remote-6
VEH-00305,legacy,826.14,ai_assisted,DRI-00305,manual,true,0.865,remote-6
VEH-00306,vendor,4680.66,pending,DRI-00306,legacy,true,0.549,central-5
VEH-00307,legacy,6748.03,approved,DRI-00307,pending,true,0.447,north-1
VEH-00308,ai_assisted,1605.11,internal,DRI-00308,vendor,true,0.519,south-2
VEH-00309,pending,8879.79,internal,DRI-00309,not_enforced,false,0.344,south-2
VEH-00310,high_risk,4621.91,normal,DRI-00310,vendor,false,0.442,east-4
VEH-00311,legacy,6240.41,manual,DRI-00311,internal,false,0.118,west-3
VEH-00312,requires_review,8979.71,internal,DRI-00312,normal,false,0.117,north-1
VEH-00313,ai_assisted,9156.51,internal,DRI-00313,not_enforced,false,0.226,south-2
VEH-00314,pending,3922.45,approved,DRI-00314,manual,false,0.426,north-1
VEH-00315,standard,3313.59,high_risk,DRI-00315,not_enforced,true,0.447,north-1
VEH-00316,degraded,6125.5,not_enforced,DRI-00316,ai_assisted,true,0.227,east-4
VEH-00317,manual,1406.62,manual,DRI-00317,manual,false,0.536,south-2
VEH-00318,degraded,7160.08,legacy,DRI-00318,rejected,true,0.033,remote-6
VEH-00319,requires_review,2115.9,vendor,DRI-00319,high_risk,true,0.958,south-2
VEH-00320,high_risk,3957.89,standard,DRI-00320,manual,false,0.145,south-2
VEH-00321,pending,315.66,not_enforced,DRI-00321,degraded,false,0.818,south-2
VEH-00322,ai_assisted,1719.99,rejected,DRI-00322,high_risk,false,0.735,west-3
VEH-00323,not_enforced,6188.63,manual,DRI-00323,internal,true,0.838,east-4
VEH-00324,manual,1256.61,normal,DRI-00324,degraded,true,0.09,east-4
VEH-00325,degraded,9489.89,not_enforced,DRI-00325,requires_review,true,0.877,west-3
VEH-00326,pending,8072.34,not_enforced,DRI-00326,standard,true,0.104,east-4
VEH-00327,approved,7958.15,degraded,DRI-00327,normal,false,0.022,south-2
VEH-00328,degraded,385.28,rejected,DRI-00328,approved,true,0.257,south-2
VEH-00329,manual,708.71,pending,DRI-00329,internal,true,0.55,central-5
VEH-00330,not_enforced,2528.98,rejected,DRI-00330,manual,true,0.979,east-4
VEH-00331,ai_assisted,4678.29,normal,DRI-00331,standard,false,0.333,north-1
VEH-00332,standard,4287.27,normal,DRI-00332,approved,true,0.33,north-1
VEH-00333,approved,2472.37,standard,DRI-00333,degraded,false,0.5,central-5
VEH-00334,not_enforced,6014.22,ai_assisted,DRI-00334,legacy,false,0.592,west-3
VEH-00335,high_risk,7029.93,legacy,DRI-00335,vendor,true,0.9,remote-6
VEH-00336,legacy,2936.3,legacy,DRI-00336,internal,true,0.464,east-4
VEH-00337,standard,6070.57,requires_review,DRI-00337,internal,false,0.781,west-3
VEH-00338,pending,371.62,normal,DRI-00338,not_enforced,false,0.592,east-4
VEH-00339,legacy,1901.11,degraded,DRI-00339,legacy,false,0.272,central-5
VEH-00340,vendor,6011.27,approved,DRI-00340,high_risk,false,0.395,west-3
VEH-00341,internal,4773.72,degraded,DRI-00341,internal,true,0.646,central-5
VEH-00342,vendor,1881.15,pending,DRI-00342,pending,true,0.184,central-5
VEH-00343,vendor,9561.2,not_enforced,DRI-00343,standard,true,0.948,central-5
VEH-00344,approved,3708.79,standard,DRI-00344,high_risk,true,0.742,east-4
VEH-00345,rejected,6387.31,normal,DRI-00345,not_enforced,false,0.374,central-5
VEH-00346,standard,5616.92,legacy,DRI-00346,legacy,true,0.508,south-2
VEH-00347,internal,4046.8,standard,DRI-00347,manual,true,0.652,north-1
VEH-00348,pending,4557.8,internal,DRI-00348,legacy,false,0.559,east-4
VEH-00349,legacy,825.68,normal,DRI-00349,requires_review,false,0.795,west-3
VEH-00350,approved,8667.34,high_risk,DRI-00350,vendor,true,0.801,remote-6
VEH-00004,legacy,1619.83,vendor,DRI-00005,degraded,true,0.917,east-4
VEH-BAD1,,,,,,,,
VEH-00013,requires_review,830.62,requires_review,DRI-00013,rejected,false,0.267,remote-6
VEH-00019,high_risk,6402.24,not_enforced,DRI-00019,standard,true,0.208,north-1
