persona,entity,action,purpose,decision,scope,scope_enforced
ai_agent,ai_invocations,read,booking,deny,,
ai_agent,ai_invocations,read,customer_support,deny,,
ai_agent,ai_invocations,read,customs_clearance,deny,,
ai_agent,ai_invocations,read,delivery,deny,,
ai_agent,ai_invocations,read,dispatch,deny,,
ai_agent,ai_invocations,read,exception_summary,deny,,
ai_agent,ai_invocations,read,fleet_management,deny,,
ai_agent,ai_invocations,read,handling,deny,,
ai_agent,ai_invocations,read,route_planning,deny,,
ai_agent,ai_invocations,write,booking,deny,,
ai_agent,ai_invocations,write,customer_support,deny,,
ai_agent,ai_invocations,write,customs_clearance,deny,,
ai_agent,ai_invocations,write,delivery,deny,,
ai_agent,ai_invocations,write,dispatch,deny,,
ai_agent,ai_invocations,write,exception_summary,deny,,
ai_agent,ai_invocations,write,fleet_management,deny,,
ai_agent,ai_invocations,write,handling,deny,,
ai_agent,ai_invocations,write,route_planning,deny,,
ai_agent,carrier_bookings,read,booking,deny,,
ai_agent,carrier_bookings,read,customer_support,deny,,
ai_agent,carrier_bookings,read,customs_clearance,deny,,
ai_agent,carrier_bookings,read,delivery,deny,,
ai_agent,carrier_bookings,read,dispatch,deny,,
ai_agent,carrier_bookings,read,exception_summary,allow,request-scoped,True
ai_agent,carrier_bookings,read,fleet_management,deny,,
ai_agent,carrier_bookings,read,handling,deny,,
ai_agent,carrier_bookings,read,route_planning,deny,,
ai_agent,carrier_bookings,write,booking,deny,,
ai_agent,carrier_bookings,write,customer_support,deny,,
ai_agent,carrier_bookings,write,customs_clearance,deny,,
ai_agent,carrier_bookings,write,delivery,deny,,
ai_agent,carrier_bookings,write,dispatch,deny,,
ai_agent,carrier_bookings,write,exception_summary,deny,,
ai_agent,carrier_bookings,write,fleet_management,deny,,
ai_agent,carrier_bookings,write,handling,deny,,
ai_agent,carrier_bookings,write,route_planning,deny,,
ai_agent,routes,read,booking,deny,,
ai_agent,routes,read,customer_support,deny,,
ai_agent,routes,read,customs_clearance,deny,,
ai_agent,routes,read,delivery,deny,,
ai_agent,routes,read,dispatch,deny,,
ai_agent,routes,read,exception_summary,allow,request-scoped,True
ai_agent,routes,read,fleet_management,deny,,
ai_agent,routes,read,handling,deny,,
ai_agent,routes,read,route_planning,deny,,
ai_agent,routes,write,booking,deny,,
ai_agent,routes,write,customer_support,deny,,
ai_agent,routes,write,customs_clearance,deny,,
ai_agent,routes,write,delivery,deny,,
ai_agent,routes,write,dispatch,deny,,
ai_agent,routes,write,exception_summary,deny,,
ai_agent,routes,write,fleet_management,deny,,
ai_agent,routes,write,handling,deny,,
ai_agent,routes,write,route_planning,deny,,
ai_agent,shipments,read,booking,deny,,
ai_agent,shipments,read,customer_support,deny,,
ai_agent,shipments,read,customs_clearance,deny,,
ai_agent,shipments,read,delivery,deny,,
ai_agent,shipments,read,dispatch,deny,,
ai_agent,shipments,read,exception_summary,allow,request-scoped,True
ai_agent,shipments,read,fleet_management,deny,,
ai_agent,shipments,read,handling,deny,,
ai_agent,shipments,read,route_planning,deny,,
ai_agent,shipments,write,booking,deny,,
ai_agent,shipments,write,customer_support,deny,,
ai_agent,shipments,write,customs_clearance,deny,,
ai_agent,shipments,write,delivery,deny,,
ai_agent,shipments,write,dispatch,deny,,
ai_agent,shipments,write,exception_summary,deny,,
ai_agent,shipments,write,fleet_management,deny,,
ai_agent,shipments,write,handling,deny,,
ai_agent,shipments,write,route_planning,deny,,
ai_agent,tracking_events,read,booking,deny,,
ai_agent,tracking_events,read,customer_support,deny,,
ai_agent,tracking_events,read,customs_clearance,deny,,
ai_agent,tracking_events,read,delivery,deny,,
ai_agent,tracking_events,read,dispatch,deny,,
ai_agent,tracking_events,read,exception_summary,allow,request-scoped,True
ai_agent,tracking_events,read,fleet_management,deny,,
ai_agent,tracking_events,read,handling,deny,,
ai_agent,tracking_events,read,route_planning,deny,,
ai_agent,tracking_events,write,booking,deny,,
ai_agent,tracking_events,write,customer_support,deny,,
ai_agent,tracking_events,write,customs_clearance,deny,,
ai_agent,tracking_events,write,delivery,deny,,
ai_agent,tracking_events,write,dispatch,deny,,
ai_agent,tracking_events,write,exception_summary,deny,,
ai_agent,tracking_events,write,fleet_management,deny,,
ai_agent,tracking_events,write,handling,deny,,
ai_agent,tracking_events,write,route_planning,deny,,
ai_agent,vehicles,read,booking,deny,,
ai_agent,vehicles,read,customer_support,deny,,
ai_agent,vehicles,read,customs_clearance,deny,,
ai_agent,vehicles,read,delivery,deny,,
ai_agent,vehicles,read,dispatch,deny,,
ai_agent,vehicles,read,exception_summary,deny,,
ai_agent,vehicles,read,fleet_management,deny,,
ai_agent,vehicles,read,handling,deny,,
ai_agent,vehicles,read,route_planning,deny,,
ai_agent,vehicles,write,booking,deny,,
ai_agent,vehicles,write,customer_support,deny,,
ai_agent,vehicles,write,customs_clearance,deny,,
ai_agent,vehicles,write,delivery,deny,,
ai_agent,vehicles,write,dispatch,deny,,
ai_agent,vehicles,write,exception_summary,deny,,
ai_agent,vehicles,write,fleet_management,deny,,
ai_agent,vehicles,write,handling,deny,,
ai_agent,vehicles,write,route_planning,deny,,
carrier_partner,ai_invocations,read,booking,deny,,
carrier_partner,ai_invocations,read,customer_support,deny,,
carrier_partner,ai_invocations,read,customs_clearance,deny,,
carrier_partner,ai_invocations,read,delivery,deny,,
carrier_partner,ai_invocations,read,dispatch,deny,,
carrier_partner,ai_invocations,read,exception_summary,deny,,
carrier_partner,ai_invocations,read,fleet_management,deny,,
carrier_partner,ai_invocations,read,handling,deny,,
carrier_partner,ai_invocations,read,route_planning,deny,,
carrier_partner,ai_invocations,write,booking,deny,,
carrier_partner,ai_invocations,write,customer_support,deny,,
carrier_partner,ai_invocations,write,customs_clearance,deny,,
carrier_partner,ai_invocations,write,delivery,deny,,
carrier_partner,ai_invocations,write,dispatch,deny,,
carrier_partner,ai_invocations,write,exception_summary,deny,,
carrier_partner,ai_invocations,write,fleet_management,deny,,
carrier_partner,ai_invocations,write,handling,deny,,
carrier_partner,ai_invocations,write,route_planning,deny,,
carrier_partner,carrier_bookings,read,booking,allow,own carrier only,False
carrier_partner,carrier_bookings,read,customer_support,deny,,
carrier_partner,carrier_bookings,read,customs_clearance,deny,,
carrier_partner,carrier_bookings,read,delivery,deny,,
carrier_partner,carrier_bookings,read,dispatch,deny,,
carrier_partner,carrier_bookings,read,exception_summary,deny,,
carrier_partner,carrier_bookings,read,fleet_management,deny,,
carrier_partner,carrier_bookings,read,handling,deny,,
carrier_partner,carrier_bookings,read,route_planning,deny,,
carrier_partner,carrier_bookings,write,booking,allow,own carrier only,False
carrier_partner,carrier_bookings,write,customer_support,deny,,
carrier_partner,carrier_bookings,write,customs_clearance,deny,,
carrier_partner,carrier_bookings,write,delivery,deny,,
carrier_partner,carrier_bookings,write,dispatch,deny,,
carrier_partner,carrier_bookings,write,exception_summary,deny,,
carrier_partner,carrier_bookings,write,fleet_management,deny,,
carrier_partner,carrier_bookings,write,handling,deny,,
carrier_partner,carrier_bookings,write,route_planning,deny,,
carrier_partner,routes,read,booking,deny,,
carrier_partner,routes,read,customer_support,deny,,
carrier_partner,routes,read,customs_clearance,deny,,
carrier_partner,routes,read,delivery,deny,,
carrier_partner,routes,read,dispatch,deny,,
carrier_partner,routes,read,exception_summary,deny,,
carrier_partner,routes,read,fleet_management,deny,,
carrier_partner,routes,read,handling,deny,,
carrier_partner,routes,read,route_planning,deny,,
carrier_partner,routes,write,booking,deny,,
carrier_partner,routes,write,customer_support,deny,,
carrier_partner,routes,write,customs_clearance,deny,,
carrier_partner,routes,write,delivery,deny,,
carrier_partner,routes,write,dispatch,deny,,
carrier_partner,routes,write,exception_summary,deny,,
carrier_partner,routes,write,fleet_management,deny,,
carrier_partner,routes,write,handling,deny,,
carrier_partner,routes,write,route_planning,deny,,
carrier_partner,shipments,read,booking,allow,own bookings,False
carrier_partner,shipments,read,customer_support,deny,,
carrier_partner,shipments,read,customs_clearance,deny,,
carrier_partner,shipments,read,delivery,deny,,
carrier_partner,shipments,read,dispatch,deny,,
carrier_partner,shipments,read,exception_summary,deny,,
carrier_partner,shipments,read,fleet_management,deny,,
carrier_partner,shipments,read,handling,deny,,
carrier_partner,shipments,read,route_planning,deny,,
carrier_partner,shipments,write,booking,deny,,
carrier_partner,shipments,write,customer_support,deny,,
carrier_partner,shipments,write,customs_clearance,deny,,
carrier_partner,shipments,write,delivery,deny,,
carrier_partner,shipments,write,dispatch,deny,,
carrier_partner,shipments,write,exception_summary,deny,,
carrier_partner,shipments,write,fleet_management,deny,,
carrier_partner,shipments,write,handling,deny,,
carrier_partner,shipments,write,route_planning,deny,,
carrier_partner,tracking_events,read,booking,deny,,
carrier_partner,tracking_events,read,customer_support,deny,,
carrier_partner,tracking_events,read,customs_clearance,deny,,
carrier_partner,tracking_events,read,delivery,deny,,
carrier_partner,tracking_events,read,dispatch,deny,,
carrier_partner,tracking_events,read,exception_summary,deny,,
carrier_partner,tracking_events,read,fleet_management,deny,,
carrier_partner,tracking_events,read,handling,deny,,
carrier_partner,tracking_events,read,route_planning,deny,,
carrier_partner,tracking_events,write,booking,deny,,
carrier_partner,tracking_events,write,customer_support,deny,,
carrier_partner,tracking_events,write,customs_clearance,deny,,
carrier_partner,tracking_events,write,delivery,deny,,
carrier_partner,tracking_events,write,dispatch,deny,,
carrier_partner,tracking_events,write,exception_summary,deny,,
carrier_partner,tracking_events,write,fleet_management,deny,,
carrier_partner,tracking_events,write,handling,deny,,
carrier_partner,tracking_events,write,route_planning,deny,,
carrier_partner,vehicles,read,booking,deny,,
carrier_partner,vehicles,read,customer_support,deny,,
carrier_partner,vehicles,read,customs_clearance,deny,,
carrier_partner,vehicles,read,delivery,deny,,
carrier_partner,vehicles,read,dispatch,deny,,
carrier_partner,vehicles,read,exception_summary,deny,,
carrier_partner,vehicles,read,fleet_management,deny,,
carrier_partner,vehicles,read,handling,deny,,
carrier_partner,vehicles,read,route_planning,deny,,
carrier_partner,vehicles,write,booking,deny,,
carrier_partner,vehicles,write,customer_support,deny,,
carrier_partner,vehicles,write,customs_clearance,deny,,
carrier_partner,vehicles,write,delivery,deny,,
carrier_partner,vehicles,write,dispatch,deny,,
carrier_partner,vehicles,write,exception_summary,deny,,
carrier_partner,vehicles,write,fleet_management,deny,,
carrier_partner,vehicles,write,handling,deny,,
carrier_partner,vehicles,write,route_planning,deny,,
customer_support,ai_invocations,read,booking,deny,,
customer_support,ai_invocations,read,customer_support,allow,own customers,False
customer_support,ai_invocations,read,customs_clearance,deny,,
customer_support,ai_invocations,read,delivery,deny,,
customer_support,ai_invocations,read,dispatch,deny,,
customer_support,ai_invocations,read,exception_summary,deny,,
customer_support,ai_invocations,read,fleet_management,deny,,
customer_support,ai_invocations,read,handling,deny,,
customer_support,ai_invocations,read,route_planning,deny,,
customer_support,ai_invocations,write,booking,deny,,
customer_support,ai_invocations,write,customer_support,deny,,
customer_support,ai_invocations,write,customs_clearance,deny,,
customer_support,ai_invocations,write,delivery,deny,,
customer_support,ai_invocations,write,dispatch,deny,,
customer_support,ai_invocations,write,exception_summary,deny,,
customer_support,ai_invocations,write,fleet_management,deny,,
customer_support,ai_invocations,write,handling,deny,,
customer_support,ai_invocations,write,route_planning,deny,,
customer_support,carrier_bookings,read,booking,deny,,
customer_support,carrier_bookings,read,customer_support,allow,own customers,False
customer_support,carrier_bookings,read,customs_clearance,deny,,
customer_support,carrier_bookings,read,delivery,deny,,
customer_support,carrier_bookings,read,dispatch,deny,,
customer_support,carrier_bookings,read,exception_summary,deny,,
customer_support,carrier_bookings,read,fleet_management,deny,,
customer_support,carrier_bookings,read,handling,deny,,
customer_support,carrier_bookings,read,route_planning,deny,,
customer_support,carrier_bookings,write,booking,deny,,
customer_support,carrier_bookings,write,customer_support,deny,,
customer_support,carrier_bookings,write,customs_clearance,deny,,
customer_support,carrier_bookings,write,delivery,deny,,
customer_support,carrier_bookings,write,dispatch,deny,,
customer_support,carrier_bookings,write,exception_summary,deny,,
customer_support,carrier_bookings,write,fleet_management,deny,,
customer_support,carrier_bookings,write,handling,deny,,
customer_support,carrier_bookings,write,route_planning,deny,,
customer_support,routes,read,booking,deny,,
customer_support,routes,read,customer_support,deny,,
customer_support,routes,read,customs_clearance,deny,,
customer_support,routes,read,delivery,deny,,
customer_support,routes,read,dispatch,deny,,
customer_support,routes,read,exception_summary,deny,,
customer_support,routes,read,fleet_management,deny,,
customer_support,routes,read,handling,deny,,
customer_support,routes,read,route_planning,deny,,
customer_support,routes,write,booking,deny,,
customer_support,routes,write,customer_support,deny,,
customer_support,routes,write,customs_clearance,deny,,
customer_support,routes,write,delivery,deny,,
customer_support,routes,write,dispatch,deny,,
customer_support,routes,write,exception_summary,deny,,
customer_support,routes,write,fleet_management,deny,,
customer_support,routes,write,handling,deny,,
customer_support,routes,write,route_planning,deny,,
customer_support,shipments,read,booking,deny,,
customer_support,shipments,read,customer_support,allow,own customers,False
customer_support,shipments,read,customs_clearance,deny,,
customer_support,shipments,read,delivery,deny,,
customer_support,shipments,read,dispatch,deny,,
customer_support,shipments,read,exception_summary,deny,,
customer_support,shipments,read,fleet_management,deny,,
customer_support,shipments,read,handling,deny,,
customer_support,shipments,read,route_planning,deny,,
customer_support,shipments,write,booking,deny,,
customer_support,shipments,write,customer_support,deny,,
customer_support,shipments,write,customs_clearance,deny,,
customer_support,shipments,write,delivery,deny,,
customer_support,shipments,write,dispatch,deny,,
customer_support,shipments,write,exception_summary,deny,,
customer_support,shipments,write,fleet_management,deny,,
customer_support,shipments,write,handling,deny,,
customer_support,shipments,write,route_planning,deny,,
customer_support,tracking_events,read,booking,deny,,
customer_support,tracking_events,read,customer_support,allow,own customers,False
customer_support,tracking_events,read,customs_clearance,deny,,
customer_support,tracking_events,read,delivery,deny,,
customer_support,tracking_events,read,dispatch,deny,,
customer_support,tracking_events,read,exception_summary,deny,,
customer_support,tracking_events,read,fleet_management,deny,,
customer_support,tracking_events,read,handling,deny,,
customer_support,tracking_events,read,route_planning,deny,,
customer_support,tracking_events,write,booking,deny,,
customer_support,tracking_events,write,customer_support,deny,,
customer_support,tracking_events,write,customs_clearance,deny,,
customer_support,tracking_events,write,delivery,deny,,
customer_support,tracking_events,write,dispatch,deny,,
customer_support,tracking_events,write,exception_summary,deny,,
customer_support,tracking_events,write,fleet_management,deny,,
customer_support,tracking_events,write,handling,deny,,
customer_support,tracking_events,write,route_planning,deny,,
customer_support,vehicles,read,booking,deny,,
customer_support,vehicles,read,customer_support,deny,,
customer_support,vehicles,read,customs_clearance,deny,,
customer_support,vehicles,read,delivery,deny,,
customer_support,vehicles,read,dispatch,deny,,
customer_support,vehicles,read,exception_summary,deny,,
customer_support,vehicles,read,fleet_management,deny,,
customer_support,vehicles,read,handling,deny,,
customer_support,vehicles,read,route_planning,deny,,
customer_support,vehicles,write,booking,deny,,
customer_support,vehicles,write,customer_support,deny,,
customer_support,vehicles,write,customs_clearance,deny,,
customer_support,vehicles,write,delivery,deny,,
customer_support,vehicles,write,dispatch,deny,,
customer_support,vehicles,write,exception_summary,deny,,
customer_support,vehicles,write,fleet_management,deny,,
customer_support,vehicles,write,handling,deny,,
customer_support,vehicles,write,route_planning,deny,,
customs_agent,ai_invocations,read,booking,deny,,
customs_agent,ai_invocations,read,customer_support,deny,,
customs_agent,ai_invocations,read,customs_clearance,deny,,
customs_agent,ai_invocations,read,delivery,deny,,
customs_agent,ai_invocations,read,dispatch,deny,,
customs_agent,ai_invocations,read,exception_summary,deny,,
customs_agent,ai_invocations,read,fleet_management,deny,,
customs_agent,ai_invocations,read,handling,deny,,
customs_agent,ai_invocations,read,route_planning,deny,,
customs_agent,ai_invocations,write,booking,deny,,
customs_agent,ai_invocations,write,customer_support,deny,,
customs_agent,ai_invocations,write,customs_clearance,deny,,
customs_agent,ai_invocations,write,delivery,deny,,
customs_agent,ai_invocations,write,dispatch,deny,,
customs_agent,ai_invocations,write,exception_summary,deny,,
customs_agent,ai_invocations,write,fleet_management,deny,,
customs_agent,ai_invocations,write,handling,deny,,
customs_agent,ai_invocations,write,route_planning,deny,,
customs_agent,carrier_bookings,read,booking,deny,,
customs_agent,carrier_bookings,read,customer_support,deny,,
customs_agent,carrier_bookings,read,customs_clearance,deny,,
customs_agent,carrier_bookings,read,delivery,deny,,
customs_agent,carrier_bookings,read,dispatch,deny,,
customs_agent,carrier_bookings,read,exception_summary,deny,,
customs_agent,carrier_bookings,read,fleet_management,deny,,
customs_agent,carrier_bookings,read,handling,deny,,
customs_agent,carrier_bookings,read,route_planning,deny,,
customs_agent,carrier_bookings,write,booking,deny,,
customs_agent,carrier_bookings,write,customer_support,deny,,
customs_agent,carrier_bookings,write,customs_clearance,deny,,
customs_agent,carrier_bookings,write,delivery,deny,,
customs_agent,carrier_bookings,write,dispatch,deny,,
customs_agent,carrier_bookings,write,exception_summary,deny,,
customs_agent,carrier_bookings,write,fleet_management,deny,,
customs_agent,carrier_bookings,write,handling,deny,,
customs_agent,carrier_bookings,write,route_planning,deny,,
customs_agent,routes,read,booking,deny,,
customs_agent,routes,read,customer_support,deny,,
customs_agent,routes,read,customs_clearance,deny,,
customs_agent,routes,read,delivery,deny,,
customs_agent,routes,read,dispatch,deny,,
customs_agent,routes,read,exception_summary,deny,,
customs_agent,routes,read,fleet_management,deny,,
customs_agent,routes,read,handling,deny,,
customs_agent,routes,read,route_planning,deny,,
customs_agent,routes,write,booking,deny,,
customs_agent,routes,write,customer_support,deny,,
customs_agent,routes,write,customs_clearance,deny,,
customs_agent,routes,write,delivery,deny,,
customs_agent,routes,write,dispatch,deny,,
customs_agent,routes,write,exception_summary,deny,,
customs_agent,routes,write,fleet_management,deny,,
customs_agent,routes,write,handling,deny,,
customs_agent,routes,write,route_planning,deny,,
customs_agent,shipments,read,booking,deny,,
customs_agent,shipments,read,customer_support,deny,,
customs_agent,shipments,read,customs_clearance,allow,customs cases,False
customs_agent,shipments,read,delivery,deny,,
customs_agent,shipments,read,dispatch,deny,,
customs_agent,shipments,read,exception_summary,deny,,
customs_agent,shipments,read,fleet_management,deny,,
customs_agent,shipments,read,handling,deny,,
customs_agent,shipments,read,route_planning,deny,,
customs_agent,shipments,write,booking,deny,,
customs_agent,shipments,write,customer_support,deny,,
customs_agent,shipments,write,customs_clearance,deny,,
customs_agent,shipments,write,delivery,deny,,
customs_agent,shipments,write,dispatch,deny,,
customs_agent,shipments,write,exception_summary,deny,,
customs_agent,shipments,write,fleet_management,deny,,
customs_agent,shipments,write,handling,deny,,
customs_agent,shipments,write,route_planning,deny,,
customs_agent,tracking_events,read,booking,deny,,
customs_agent,tracking_events,read,customer_support,deny,,
customs_agent,tracking_events,read,customs_clearance,allow,customs cases,False
customs_agent,tracking_events,read,delivery,deny,,
customs_agent,tracking_events,read,dispatch,deny,,
customs_agent,tracking_events,read,exception_summary,deny,,
customs_agent,tracking_events,read,fleet_management,deny,,
customs_agent,tracking_events,read,handling,deny,,
customs_agent,tracking_events,read,route_planning,deny,,
customs_agent,tracking_events,write,booking,deny,,
customs_agent,tracking_events,write,customer_support,deny,,
customs_agent,tracking_events,write,customs_clearance,deny,,
customs_agent,tracking_events,write,delivery,deny,,
customs_agent,tracking_events,write,dispatch,deny,,
customs_agent,tracking_events,write,exception_summary,deny,,
customs_agent,tracking_events,write,fleet_management,deny,,
customs_agent,tracking_events,write,handling,deny,,
customs_agent,tracking_events,write,route_planning,deny,,
customs_agent,vehicles,read,booking,deny,,
customs_agent,vehicles,read,customer_support,deny,,
customs_agent,vehicles,read,customs_clearance,deny,,
customs_agent,vehicles,read,delivery,deny,,
customs_agent,vehicles,read,dispatch,deny,,
customs_agent,vehicles,read,exception_summary,deny,,
customs_agent,vehicles,read,fleet_management,deny,,
customs_agent,vehicles,read,handling,deny,,
customs_agent,vehicles,read,route_planning,deny,,
customs_agent,vehicles,write,booking,deny,,
customs_agent,vehicles,write,customer_support,deny,,
customs_agent,vehicles,write,customs_clearance,deny,,
customs_agent,vehicles,write,delivery,deny,,
customs_agent,vehicles,write,dispatch,deny,,
customs_agent,vehicles,write,exception_summary,deny,,
customs_agent,vehicles,write,fleet_management,deny,,
customs_agent,vehicles,write,handling,deny,,
customs_agent,vehicles,write,route_planning,deny,,
dispatcher,ai_invocations,read,booking,deny,,
dispatcher,ai_invocations,read,customer_support,deny,,
dispatcher,ai_invocations,read,customs_clearance,deny,,
dispatcher,ai_invocations,read,delivery,deny,,
dispatcher,ai_invocations,read,dispatch,allow,all,True
dispatcher,ai_invocations,read,exception_summary,deny,,
dispatcher,ai_invocations,read,fleet_management,deny,,
dispatcher,ai_invocations,read,handling,deny,,
dispatcher,ai_invocations,read,route_planning,deny,,
dispatcher,ai_invocations,write,booking,deny,,
dispatcher,ai_invocations,write,customer_support,deny,,
dispatcher,ai_invocations,write,customs_clearance,deny,,
dispatcher,ai_invocations,write,delivery,deny,,
dispatcher,ai_invocations,write,dispatch,deny,,
dispatcher,ai_invocations,write,exception_summary,deny,,
dispatcher,ai_invocations,write,fleet_management,deny,,
dispatcher,ai_invocations,write,handling,deny,,
dispatcher,ai_invocations,write,route_planning,deny,,
dispatcher,carrier_bookings,read,booking,deny,,
dispatcher,carrier_bookings,read,customer_support,deny,,
dispatcher,carrier_bookings,read,customs_clearance,deny,,
dispatcher,carrier_bookings,read,delivery,deny,,
dispatcher,carrier_bookings,read,dispatch,allow,all,True
dispatcher,carrier_bookings,read,exception_summary,deny,,
dispatcher,carrier_bookings,read,fleet_management,deny,,
dispatcher,carrier_bookings,read,handling,deny,,
dispatcher,carrier_bookings,read,route_planning,deny,,
dispatcher,carrier_bookings,write,booking,deny,,
dispatcher,carrier_bookings,write,customer_support,deny,,
dispatcher,carrier_bookings,write,customs_clearance,deny,,
dispatcher,carrier_bookings,write,delivery,deny,,
dispatcher,carrier_bookings,write,dispatch,deny,,
dispatcher,carrier_bookings,write,exception_summary,deny,,
dispatcher,carrier_bookings,write,fleet_management,deny,,
dispatcher,carrier_bookings,write,handling,deny,,
dispatcher,carrier_bookings,write,route_planning,deny,,
dispatcher,routes,read,booking,deny,,
dispatcher,routes,read,customer_support,deny,,
dispatcher,routes,read,customs_clearance,deny,,
dispatcher,routes,read,delivery,deny,,
dispatcher,routes,read,dispatch,allow,all,True
dispatcher,routes,read,exception_summary,deny,,
dispatcher,routes,read,fleet_management,deny,,
dispatcher,routes,read,handling,deny,,
dispatcher,routes,read,route_planning,allow,all,True
dispatcher,routes,write,booking,deny,,
dispatcher,routes,write,customer_support,deny,,
dispatcher,routes,write,customs_clearance,deny,,
dispatcher,routes,write,delivery,deny,,
dispatcher,routes,write,dispatch,allow,all,True
dispatcher,routes,write,exception_summary,deny,,
dispatcher,routes,write,fleet_management,deny,,
dispatcher,routes,write,handling,deny,,
dispatcher,routes,write,route_planning,allow,all,True
dispatcher,shipments,read,booking,deny,,
dispatcher,shipments,read,customer_support,deny,,
dispatcher,shipments,read,customs_clearance,deny,,
dispatcher,shipments,read,delivery,deny,,
dispatcher,shipments,read,dispatch,allow,all active,True
dispatcher,shipments,read,exception_summary,deny,,
dispatcher,shipments,read,fleet_management,deny,,
dispatcher,shipments,read,handling,deny,,
dispatcher,shipments,read,route_planning,deny,,
dispatcher,shipments,write,booking,deny,,
dispatcher,shipments,write,customer_support,deny,,
dispatcher,shipments,write,customs_clearance,deny,,
dispatcher,shipments,write,delivery,deny,,
dispatcher,shipments,write,dispatch,allow,all active,True
dispatcher,shipments,write,exception_summary,deny,,
dispatcher,shipments,write,fleet_management,deny,,
dispatcher,shipments,write,handling,deny,,
dispatcher,shipments,write,route_planning,deny,,
dispatcher,tracking_events,read,booking,deny,,
dispatcher,tracking_events,read,customer_support,deny,,
dispatcher,tracking_events,read,customs_clearance,deny,,
dispatcher,tracking_events,read,delivery,deny,,
dispatcher,tracking_events,read,dispatch,allow,all,True
dispatcher,tracking_events,read,exception_summary,deny,,
dispatcher,tracking_events,read,fleet_management,deny,,
dispatcher,tracking_events,read,handling,deny,,
dispatcher,tracking_events,read,route_planning,deny,,
dispatcher,tracking_events,write,booking,deny,,
dispatcher,tracking_events,write,customer_support,deny,,
dispatcher,tracking_events,write,customs_clearance,deny,,
dispatcher,tracking_events,write,delivery,deny,,
dispatcher,tracking_events,write,dispatch,deny,,
dispatcher,tracking_events,write,exception_summary,deny,,
dispatcher,tracking_events,write,fleet_management,deny,,
dispatcher,tracking_events,write,handling,deny,,
dispatcher,tracking_events,write,route_planning,deny,,
dispatcher,vehicles,read,booking,deny,,
dispatcher,vehicles,read,customer_support,deny,,
dispatcher,vehicles,read,customs_clearance,deny,,
dispatcher,vehicles,read,delivery,deny,,
dispatcher,vehicles,read,dispatch,allow,all,True
dispatcher,vehicles,read,exception_summary,deny,,
dispatcher,vehicles,read,fleet_management,deny,,
dispatcher,vehicles,read,handling,deny,,
dispatcher,vehicles,read,route_planning,deny,,
dispatcher,vehicles,write,booking,deny,,
dispatcher,vehicles,write,customer_support,deny,,
dispatcher,vehicles,write,customs_clearance,deny,,
dispatcher,vehicles,write,delivery,deny,,
dispatcher,vehicles,write,dispatch,deny,,
dispatcher,vehicles,write,exception_summary,deny,,
dispatcher,vehicles,write,fleet_management,deny,,
dispatcher,vehicles,write,handling,deny,,
dispatcher,vehicles,write,route_planning,deny,,
driver,ai_invocations,read,booking,deny,,
driver,ai_invocations,read,customer_support,deny,,
driver,ai_invocations,read,customs_clearance,deny,,
driver,ai_invocations,read,delivery,deny,,
driver,ai_invocations,read,dispatch,deny,,
driver,ai_invocations,read,exception_summary,deny,,
driver,ai_invocations,read,fleet_management,deny,,
driver,ai_invocations,read,handling,deny,,
driver,ai_invocations,read,route_planning,deny,,
driver,ai_invocations,write,booking,deny,,
driver,ai_invocations,write,customer_support,deny,,
driver,ai_invocations,write,customs_clearance,deny,,
driver,ai_invocations,write,delivery,deny,,
driver,ai_invocations,write,dispatch,deny,,
driver,ai_invocations,write,exception_summary,deny,,
driver,ai_invocations,write,fleet_management,deny,,
driver,ai_invocations,write,handling,deny,,
driver,ai_invocations,write,route_planning,deny,,
driver,carrier_bookings,read,booking,deny,,
driver,carrier_bookings,read,customer_support,deny,,
driver,carrier_bookings,read,customs_clearance,deny,,
driver,carrier_bookings,read,delivery,deny,,
driver,carrier_bookings,read,dispatch,deny,,
driver,carrier_bookings,read,exception_summary,deny,,
driver,carrier_bookings,read,fleet_management,deny,,
driver,carrier_bookings,read,handling,deny,,
driver,carrier_bookings,read,route_planning,deny,,
driver,carrier_bookings,write,booking,deny,,
driver,carrier_bookings,write,customer_support,deny,,
driver,carrier_bookings,write,customs_clearance,deny,,
driver,carrier_bookings,write,delivery,deny,,
driver,carrier_bookings,write,dispatch,deny,,
driver,carrier_bookings,write,exception_summary,deny,,
driver,carrier_bookings,write,fleet_management,deny,,
driver,carrier_bookings,write,handling,deny,,
driver,carrier_bookings,write,route_planning,deny,,
driver,routes,read,booking,deny,,
driver,routes,read,customer_support,deny,,
driver,routes,read,customs_clearance,deny,,
driver,routes,read,delivery,allow,assigned only,False
driver,routes,read,dispatch,deny,,
driver,routes,read,exception_summary,deny,,
driver,routes,read,fleet_management,deny,,
driver,routes,read,handling,deny,,
driver,routes,read,route_planning,deny,,
driver,routes,write,booking,deny,,
driver,routes,write,customer_support,deny,,
driver,routes,write,customs_clearance,deny,,
driver,routes,write,delivery,deny,,
driver,routes,write,dispatch,deny,,
driver,routes,write,exception_summary,deny,,
driver,routes,write,fleet_management,deny,,
driver,routes,write,handling,deny,,
driver,routes,write,route_planning,deny,,
driver,shipments,read,booking,deny,,
driver,shipments,read,customer_support,deny,,
driver,shipments,read,customs_clearance,deny,,
driver,shipments,read,delivery,allow,assigned only,False
driver,shipments,read,dispatch,deny,,
driver,shipments,read,exception_summary,deny,,
driver,shipments,read,fleet_management,deny,,
driver,shipments,read,handling,deny,,
driver,shipments,read,route_planning,deny,,
driver,shipments,write,booking,deny,,
driver,shipments,write,customer_support,deny,,
driver,shipments,write,customs_clearance,deny,,
driver,shipments,write,delivery,deny,,
driver,shipments,write,dispatch,deny,,
driver,shipments,write,exception_summary,deny,,
driver,shipments,write,fleet_management,deny,,
driver,shipments,write,handling,deny,,
driver,shipments,write,route_planning,deny,,
driver,tracking_events,read,booking,deny,,
driver,tracking_events,read,customer_support,deny,,
driver,tracking_events,read,customs_clearance,deny,,
driver,tracking_events,read,delivery,deny,,
driver,tracking_events,read,dispatch,deny,,
driver,tracking_events,read,exception_summary,deny,,
driver,tracking_events,read,fleet_management,deny,,
driver,tracking_events,read,handling,deny,,
driver,tracking_events,read,route_planning,deny,,
driver,tracking_events,write,booking,deny,,
driver,tracking_events,write,customer_support,deny,,
driver,tracking_events,write,customs_clearance,deny,,
driver,tracking_events,write,delivery,deny,,
driver,tracking_events,write,dispatch,deny,,
driver,tracking_events,write,exception_summary,deny,,
driver,tracking_events,write,fleet_management,deny,,
driver,tracking_events,write,handling,deny,,
driver,tracking_events,write,route_planning,deny,,
driver,vehicles,read,booking,deny,,
driver,vehicles,read,customer_support,deny,,
driver,vehicles,read,customs_clearance,deny,,
driver,vehicles,read,delivery,allow,own vehicle,False
driver,vehicles,read,dispatch,deny,,
driver,vehicles,read,exception_summary,deny,,
driver,vehicles,read,fleet_management,deny,,
driver,vehicles,read,handling,deny,,
driver,vehicles,read,route_planning,deny,,
driver,vehicles,write,booking,deny,,
driver,vehicles,write,customer_support,deny,,
driver,vehicles,write,customs_clearance,deny,,
driver,vehicles,write,delivery,deny,,
driver,vehicles,write,dispatch,deny,,
driver,vehicles,write,exception_summary,deny,,
driver,vehicles,write,fleet_management,deny,,
driver,vehicles,write,handling,deny,,
driver,vehicles,write,route_planning,deny,,
fleet_manager,ai_invocations,read,booking,deny,,
fleet_manager,ai_invocations,read,customer_support,deny,,
fleet_manager,ai_invocations,read,customs_clearance,deny,,
fleet_manager,ai_invocations,read,delivery,deny,,
fleet_manager,ai_invocations,read,dispatch,deny,,
fleet_manager,ai_invocations,read,exception_summary,deny,,
fleet_manager,ai_invocations,read,fleet_management,deny,,
fleet_manager,ai_invocations,read,handling,deny,,
fleet_manager,ai_invocations,read,route_planning,deny,,
fleet_manager,ai_invocations,write,booking,deny,,
fleet_manager,ai_invocations,write,customer_support,deny,,
fleet_manager,ai_invocations,write,customs_clearance,deny,,
fleet_manager,ai_invocations,write,delivery,deny,,
fleet_manager,ai_invocations,write,dispatch,deny,,
fleet_manager,ai_invocations,write,exception_summary,deny,,
fleet_manager,ai_invocations,write,fleet_management,deny,,
fleet_manager,ai_invocations,write,handling,deny,,
fleet_manager,ai_invocations,write,route_planning,deny,,
fleet_manager,carrier_bookings,read,booking,deny,,
fleet_manager,carrier_bookings,read,customer_support,deny,,
fleet_manager,carrier_bookings,read,customs_clearance,deny,,
fleet_manager,carrier_bookings,read,delivery,deny,,
fleet_manager,carrier_bookings,read,dispatch,deny,,
fleet_manager,carrier_bookings,read,exception_summary,deny,,
fleet_manager,carrier_bookings,read,fleet_management,deny,,
fleet_manager,carrier_bookings,read,handling,deny,,
fleet_manager,carrier_bookings,read,route_planning,deny,,
fleet_manager,carrier_bookings,write,booking,deny,,
fleet_manager,carrier_bookings,write,customer_support,deny,,
fleet_manager,carrier_bookings,write,customs_clearance,deny,,
fleet_manager,carrier_bookings,write,delivery,deny,,
fleet_manager,carrier_bookings,write,dispatch,deny,,
fleet_manager,carrier_bookings,write,exception_summary,deny,,
fleet_manager,carrier_bookings,write,fleet_management,deny,,
fleet_manager,carrier_bookings,write,handling,deny,,
fleet_manager,carrier_bookings,write,route_planning,deny,,
fleet_manager,routes,read,booking,deny,,
fleet_manager,routes,read,customer_support,deny,,
fleet_manager,routes,read,customs_clearance,deny,,
fleet_manager,routes,read,delivery,deny,,
fleet_manager,routes,read,dispatch,deny,,
fleet_manager,routes,read,exception_summary,deny,,
fleet_manager,routes,read,fleet_management,allow,own fleet,False
fleet_manager,routes,read,handling,deny,,
fleet_manager,routes,read,route_planning,deny,,
fleet_manager,routes,write,booking,deny,,
fleet_manager,routes,write,customer_support,deny,,
fleet_manager,routes,write,customs_clearance,deny,,
fleet_manager,routes,write,delivery,deny,,
fleet_manager,routes,write,dispatch,deny,,
fleet_manager,routes,write,exception_summary,deny,,
fleet_manager,routes,write,fleet_management,deny,,
fleet_manager,routes,write,handling,deny,,
fleet_manager,routes,write,route_planning,deny,,
fleet_manager,shipments,read,booking,deny,,
fleet_manager,shipments,read,customer_support,deny,,
fleet_manager,shipments,read,customs_clearance,deny,,
fleet_manager,shipments,read,delivery,deny,,
fleet_manager,shipments,read,dispatch,deny,,
fleet_manager,shipments,read,exception_summary,deny,,
fleet_manager,shipments,read,fleet_management,allow,own fleet,False
fleet_manager,shipments,read,handling,deny,,
fleet_manager,shipments,read,route_planning,deny,,
fleet_manager,shipments,write,booking,deny,,
fleet_manager,shipments,write,customer_support,deny,,
fleet_manager,shipments,write,customs_clearance,deny,,
fleet_manager,shipments,write,delivery,deny,,
fleet_manager,shipments,write,dispatch,deny,,
fleet_manager,shipments,write,exception_summary,deny,,
fleet_manager,shipments,write,fleet_management,deny,,
fleet_manager,shipments,write,handling,deny,,
fleet_manager,shipments,write,route_planning,deny,,
fleet_manager,tracking_events,read,booking,deny,,
fleet_manager,tracking_events,read,customer_support,deny,,
fleet_manager,tracking_events,read,customs_clearance,deny,,
fleet_manager,tracking_events,read,delivery,deny,,
fleet_manager,tracking_events,read,dispatch,deny,,
fleet_manager,tracking_events,read,exception_summary,deny,,
fleet_manager,tracking_events,read,fleet_management,allow,own fleet,False
fleet_manager,tracking_events,read,handling,deny,,
fleet_manager,tracking_events,read,route_planning,deny,,
fleet_manager,tracking_events,write,booking,deny,,
fleet_manager,tracking_events,write,customer_support,deny,,
fleet_manager,tracking_events,write,customs_clearance,deny,,
fleet_manager,tracking_events,write,delivery,deny,,
fleet_manager,tracking_events,write,dispatch,deny,,
fleet_manager,tracking_events,write,exception_summary,deny,,
fleet_manager,tracking_events,write,fleet_management,deny,,
fleet_manager,tracking_events,write,handling,deny,,
fleet_manager,tracking_events,write,route_planning,deny,,
fleet_manager,vehicles,read,booking,deny,,
fleet_manager,vehicles,read,customer_support,deny,,
fleet_manager,vehicles,read,customs_clearance,deny,,
fleet_manager,vehicles,read,delivery,deny,,
fleet_manager,vehicles,read,dispatch,deny,,
fleet_manager,vehicles,read,exception_summary,deny,,
fleet_manager,vehicles,read,fleet_management,allow,own fleet,False
fleet_manager,vehicles,read,handling,deny,,
fleet_manager,vehicles,read,route_planning,deny,,
fleet_manager,vehicles,write,booking,deny,,
fleet_manager,vehicles,write,customer_support,deny,,
fleet_manager,vehicles,write,customs_clearance,deny,,
fleet_manager,vehicles,write,delivery,deny,,
fleet_manager,vehicles,write,dispatch,deny,,
fleet_manager,vehicles,write,exception_summary,deny,,
fleet_manager,vehicles,write,fleet_management,allow,own fleet,False
fleet_manager,vehicles,write,handling,deny,,
fleet_manager,vehicles,write,route_planning,deny,,
warehouse_ops,ai_invocations,read,booking,deny,,
warehouse_ops,ai_invocations,read,customer_support,deny,,
warehouse_ops,ai_invocations,read,customs_clearance,deny,,
warehouse_ops,ai_invocations,read,delivery,deny,,
warehouse_ops,ai_invocations,read,dispatch,deny,,
warehouse_ops,ai_invocations,read,exception_summary,deny,,
warehouse_ops,ai_invocations,read,fleet_management,deny,,
warehouse_ops,ai_invocations,read,handling,deny,,
warehouse_ops,ai_invocations,read,route_planning,deny,,
warehouse_ops,ai_invocations,write,booking,deny,,
warehouse_ops,ai_invocations,write,customer_support,deny,,
warehouse_ops,ai_invocations,write,customs_clearance,deny,,
warehouse_ops,ai_invocations,write,delivery,deny,,
warehouse_ops,ai_invocations,write,dispatch,deny,,
warehouse_ops,ai_invocations,write,exception_summary,deny,,
warehouse_ops,ai_invocations,write,fleet_management,deny,,
warehouse_ops,ai_invocations,write,handling,deny,,
warehouse_ops,ai_invocations,write,route_planning,deny,,
warehouse_ops,carrier_bookings,read,booking,deny,,
warehouse_ops,carrier_bookings,read,customer_support,deny,,
warehouse_ops,carrier_bookings,read,customs_clearance,deny,,
warehouse_ops,carrier_bookings,read,delivery,deny,,
warehouse_ops,carrier_bookings,read,dispatch,deny,,
warehouse_ops,carrier_bookings,read,exception_summary,deny,,
warehouse_ops,carrier_bookings,read,fleet_management,deny,,
warehouse_ops,carrier_bookings,read,handling,deny,,
warehouse_ops,carrier_bookings,read,route_planning,deny,,
warehouse_ops,carrier_bookings,write,booking,deny,,
warehouse_ops,carrier_bookings,write,customer_support,deny,,
warehouse_ops,carrier_bookings,write,customs_clearance,deny,,
warehouse_ops,carrier_bookings,write,delivery,deny,,
warehouse_ops,carrier_bookings,write,dispatch,deny,,
warehouse_ops,carrier_bookings,write,exception_summary,deny,,
warehouse_ops,carrier_bookings,write,fleet_management,deny,,
warehouse_ops,carrier_bookings,write,handling,deny,,
warehouse_ops,carrier_bookings,write,route_planning,deny,,
warehouse_ops,routes,read,booking,deny,,
warehouse_ops,routes,read,customer_support,deny,,
warehouse_ops,routes,read,customs_clearance,deny,,
warehouse_ops,routes,read,delivery,deny,,
warehouse_ops,routes,read,dispatch,deny,,
warehouse_ops,routes,read,exception_summary,deny,,
warehouse_ops,routes,read,fleet_management,deny,,
warehouse_ops,routes,read,handling,allow,own hub,False
warehouse_ops,routes,read,route_planning,deny,,
warehouse_ops,routes,write,booking,deny,,
warehouse_ops,routes,write,customer_support,deny,,
warehouse_ops,routes,write,customs_clearance,deny,,
warehouse_ops,routes,write,delivery,deny,,
warehouse_ops,routes,write,dispatch,deny,,
warehouse_ops,routes,write,exception_summary,deny,,
warehouse_ops,routes,write,fleet_management,deny,,
warehouse_ops,routes,write,handling,deny,,
warehouse_ops,routes,write,route_planning,deny,,
warehouse_ops,shipments,read,booking,deny,,
warehouse_ops,shipments,read,customer_support,deny,,
warehouse_ops,shipments,read,customs_clearance,deny,,
warehouse_ops,shipments,read,delivery,deny,,
warehouse_ops,shipments,read,dispatch,deny,,
warehouse_ops,shipments,read,exception_summary,deny,,
warehouse_ops,shipments,read,fleet_management,deny,,
warehouse_ops,shipments,read,handling,allow,own hub,False
warehouse_ops,shipments,read,route_planning,deny,,
warehouse_ops,shipments,write,booking,deny,,
warehouse_ops,shipments,write,customer_support,deny,,
warehouse_ops,shipments,write,customs_clearance,deny,,
warehouse_ops,shipments,write,delivery,deny,,
warehouse_ops,shipments,write,dispatch,deny,,
warehouse_ops,shipments,write,exception_summary,deny,,
warehouse_ops,shipments,write,fleet_management,deny,,
warehouse_ops,shipments,write,handling,deny,,
warehouse_ops,shipments,write,route_planning,deny,,
warehouse_ops,tracking_events,read,booking,deny,,
warehouse_ops,tracking_events,read,customer_support,deny,,
warehouse_ops,tracking_events,read,customs_clearance,deny,,
warehouse_ops,tracking_events,read,delivery,deny,,
warehouse_ops,tracking_events,read,dispatch,deny,,
warehouse_ops,tracking_events,read,exception_summary,deny,,
warehouse_ops,tracking_events,read,fleet_management,deny,,
warehouse_ops,tracking_events,read,handling,allow,own hub,False
warehouse_ops,tracking_events,read,route_planning,deny,,
warehouse_ops,tracking_events,write,booking,deny,,
warehouse_ops,tracking_events,write,customer_support,deny,,
warehouse_ops,tracking_events,write,customs_clearance,deny,,
warehouse_ops,tracking_events,write,delivery,deny,,
warehouse_ops,tracking_events,write,dispatch,deny,,
warehouse_ops,tracking_events,write,exception_summary,deny,,
warehouse_ops,tracking_events,write,fleet_management,deny,,
warehouse_ops,tracking_events,write,handling,allow,own hub,False
warehouse_ops,tracking_events,write,route_planning,deny,,
warehouse_ops,vehicles,read,booking,deny,,
warehouse_ops,vehicles,read,customer_support,deny,,
warehouse_ops,vehicles,read,customs_clearance,deny,,
warehouse_ops,vehicles,read,delivery,deny,,
warehouse_ops,vehicles,read,dispatch,deny,,
warehouse_ops,vehicles,read,exception_summary,deny,,
warehouse_ops,vehicles,read,fleet_management,deny,,
warehouse_ops,vehicles,read,handling,allow,own hub,False
warehouse_ops,vehicles,read,route_planning,deny,,
warehouse_ops,vehicles,write,booking,deny,,
warehouse_ops,vehicles,write,customer_support,deny,,
warehouse_ops,vehicles,write,customs_clearance,deny,,
warehouse_ops,vehicles,write,delivery,deny,,
warehouse_ops,vehicles,write,dispatch,deny,,
warehouse_ops,vehicles,write,exception_summary,deny,,
warehouse_ops,vehicles,write,fleet_management,deny,,
warehouse_ops,vehicles,write,handling,deny,,
warehouse_ops,vehicles,write,route_planning,deny,,
admin,ai_invocations,read,booking,deny,,
admin,ai_invocations,read,customer_support,deny,,
admin,ai_invocations,read,customs_clearance,deny,,
admin,ai_invocations,read,delivery,deny,,
admin,ai_invocations,read,dispatch,deny,,
admin,ai_invocations,read,exception_summary,deny,,
admin,ai_invocations,read,fleet_management,deny,,
admin,ai_invocations,read,handling,deny,,
admin,ai_invocations,read,route_planning,deny,,
admin,ai_invocations,write,booking,deny,,
admin,ai_invocations,write,customer_support,deny,,
admin,ai_invocations,write,customs_clearance,deny,,
admin,ai_invocations,write,delivery,deny,,
admin,ai_invocations,write,dispatch,deny,,
admin,ai_invocations,write,exception_summary,deny,,
admin,ai_invocations,write,fleet_management,deny,,
admin,ai_invocations,write,handling,deny,,
admin,ai_invocations,write,route_planning,deny,,
admin,carrier_bookings,read,booking,deny,,
admin,carrier_bookings,read,customer_support,deny,,
admin,carrier_bookings,read,customs_clearance,deny,,
admin,carrier_bookings,read,delivery,deny,,
admin,carrier_bookings,read,dispatch,deny,,
admin,carrier_bookings,read,exception_summary,deny,,
admin,carrier_bookings,read,fleet_management,deny,,
admin,carrier_bookings,read,handling,deny,,
admin,carrier_bookings,read,route_planning,deny,,
admin,carrier_bookings,write,booking,deny,,
admin,carrier_bookings,write,customer_support,deny,,
admin,carrier_bookings,write,customs_clearance,deny,,
admin,carrier_bookings,write,delivery,deny,,
admin,carrier_bookings,write,dispatch,deny,,
admin,carrier_bookings,write,exception_summary,deny,,
admin,carrier_bookings,write,fleet_management,deny,,
admin,carrier_bookings,write,handling,deny,,
admin,carrier_bookings,write,route_planning,deny,,
admin,routes,read,booking,deny,,
admin,routes,read,customer_support,deny,,
admin,routes,read,customs_clearance,deny,,
admin,routes,read,delivery,deny,,
admin,routes,read,dispatch,deny,,
admin,routes,read,exception_summary,deny,,
admin,routes,read,fleet_management,deny,,
admin,routes,read,handling,deny,,
admin,routes,read,route_planning,deny,,
admin,routes,write,booking,deny,,
admin,routes,write,customer_support,deny,,
admin,routes,write,customs_clearance,deny,,
admin,routes,write,delivery,deny,,
admin,routes,write,dispatch,deny,,
admin,routes,write,exception_summary,deny,,
admin,routes,write,fleet_management,deny,,
admin,routes,write,handling,deny,,
admin,routes,write,route_planning,deny,,
admin,shipments,read,booking,deny,,
admin,shipments,read,customer_support,deny,,
admin,shipments,read,customs_clearance,deny,,
admin,shipments,read,delivery,deny,,
admin,shipments,read,dispatch,deny,,
admin,shipments,read,exception_summary,deny,,
admin,shipments,read,fleet_management,deny,,
admin,shipments,read,handling,deny,,
admin,shipments,read,route_planning,deny,,
admin,shipments,write,booking,deny,,
admin,shipments,write,customer_support,deny,,
admin,shipments,write,customs_clearance,deny,,
admin,shipments,write,delivery,deny,,
admin,shipments,write,dispatch,deny,,
admin,shipments,write,exception_summary,deny,,
admin,shipments,write,fleet_management,deny,,
admin,shipments,write,handling,deny,,
admin,shipments,write,route_planning,deny,,
admin,tracking_events,read,booking,deny,,
admin,tracking_events,read,customer_support,deny,,
admin,tracking_events,read,customs_clearance,deny,,
admin,tracking_events,read,delivery,deny,,
admin,tracking_events,read,dispatch,deny,,
admin,tracking_events,read,exception_summary,deny,,
admin,tracking_events,read,fleet_management,deny,,
admin,tracking_events,read,handling,deny,,
admin,tracking_events,read,route_planning,deny,,
admin,tracking_events,write,booking,deny,,
admin,tracking_events,write,customer_support,deny,,
admin,tracking_events,write,customs_clearance,deny,,
admin,tracking_events,write,delivery,deny,,
admin,tracking_events,write,dispatch,deny,,
admin,tracking_events,write,exception_summary,deny,,
admin,tracking_events,write,fleet_management,deny,,
admin,tracking_events,write,handling,deny,,
admin,tracking_events,write,route_planning,deny,,
admin,vehicles,read,booking,deny,,
admin,vehicles,read,customer_support,deny,,
admin,vehicles,read,customs_clearance,deny,,
admin,vehicles,read,delivery,deny,,
admin,vehicles,read,dispatch,deny,,
admin,vehicles,read,exception_summary,deny,,
admin,vehicles,read,fleet_management,deny,,
admin,vehicles,read,handling,deny,,
admin,vehicles,read,route_planning,deny,,
admin,vehicles,write,booking,deny,,
admin,vehicles,write,customer_support,deny,,
admin,vehicles,write,customs_clearance,deny,,
admin,vehicles,write,delivery,deny,,
admin,vehicles,write,dispatch,deny,,
admin,vehicles,write,exception_summary,deny,,
admin,vehicles,write,fleet_management,deny,,
admin,vehicles,write,handling,deny,,
admin,vehicles,write,route_planning,deny,,
clinician,ai_invocations,read,booking,deny,,
clinician,ai_invocations,read,customer_support,deny,,
clinician,ai_invocations,read,customs_clearance,deny,,
clinician,ai_invocations,read,delivery,deny,,
clinician,ai_invocations,read,dispatch,deny,,
clinician,ai_invocations,read,exception_summary,deny,,
clinician,ai_invocations,read,fleet_management,deny,,
clinician,ai_invocations,read,handling,deny,,
clinician,ai_invocations,read,route_planning,deny,,
clinician,ai_invocations,write,booking,deny,,
clinician,ai_invocations,write,customer_support,deny,,
clinician,ai_invocations,write,customs_clearance,deny,,
clinician,ai_invocations,write,delivery,deny,,
clinician,ai_invocations,write,dispatch,deny,,
clinician,ai_invocations,write,exception_summary,deny,,
clinician,ai_invocations,write,fleet_management,deny,,
clinician,ai_invocations,write,handling,deny,,
clinician,ai_invocations,write,route_planning,deny,,
clinician,carrier_bookings,read,booking,deny,,
clinician,carrier_bookings,read,customer_support,deny,,
clinician,carrier_bookings,read,customs_clearance,deny,,
clinician,carrier_bookings,read,delivery,deny,,
clinician,carrier_bookings,read,dispatch,deny,,
clinician,carrier_bookings,read,exception_summary,deny,,
clinician,carrier_bookings,read,fleet_management,deny,,
clinician,carrier_bookings,read,handling,deny,,
clinician,carrier_bookings,read,route_planning,deny,,
clinician,carrier_bookings,write,booking,deny,,
clinician,carrier_bookings,write,customer_support,deny,,
clinician,carrier_bookings,write,customs_clearance,deny,,
clinician,carrier_bookings,write,delivery,deny,,
clinician,carrier_bookings,write,dispatch,deny,,
clinician,carrier_bookings,write,exception_summary,deny,,
clinician,carrier_bookings,write,fleet_management,deny,,
clinician,carrier_bookings,write,handling,deny,,
clinician,carrier_bookings,write,route_planning,deny,,
clinician,routes,read,booking,deny,,
clinician,routes,read,customer_support,deny,,
clinician,routes,read,customs_clearance,deny,,
clinician,routes,read,delivery,deny,,
clinician,routes,read,dispatch,deny,,
clinician,routes,read,exception_summary,deny,,
clinician,routes,read,fleet_management,deny,,
clinician,routes,read,handling,deny,,
clinician,routes,read,route_planning,deny,,
clinician,routes,write,booking,deny,,
clinician,routes,write,customer_support,deny,,
clinician,routes,write,customs_clearance,deny,,
clinician,routes,write,delivery,deny,,
clinician,routes,write,dispatch,deny,,
clinician,routes,write,exception_summary,deny,,
clinician,routes,write,fleet_management,deny,,
clinician,routes,write,handling,deny,,
clinician,routes,write,route_planning,deny,,
clinician,shipments,read,booking,deny,,
clinician,shipments,read,customer_support,deny,,
clinician,shipments,read,customs_clearance,deny,,
clinician,shipments,read,delivery,deny,,
clinician,shipments,read,dispatch,deny,,
clinician,shipments,read,exception_summary,deny,,
clinician,shipments,read,fleet_management,deny,,
clinician,shipments,read,handling,deny,,
clinician,shipments,read,route_planning,deny,,
clinician,shipments,write,booking,deny,,
clinician,shipments,write,customer_support,deny,,
clinician,shipments,write,customs_clearance,deny,,
clinician,shipments,write,delivery,deny,,
clinician,shipments,write,dispatch,deny,,
clinician,shipments,write,exception_summary,deny,,
clinician,shipments,write,fleet_management,deny,,
clinician,shipments,write,handling,deny,,
clinician,shipments,write,route_planning,deny,,
clinician,tracking_events,read,booking,deny,,
clinician,tracking_events,read,customer_support,deny,,
clinician,tracking_events,read,customs_clearance,deny,,
clinician,tracking_events,read,delivery,deny,,
clinician,tracking_events,read,dispatch,deny,,
clinician,tracking_events,read,exception_summary,deny,,
clinician,tracking_events,read,fleet_management,deny,,
clinician,tracking_events,read,handling,deny,,
clinician,tracking_events,read,route_planning,deny,,
clinician,tracking_events,write,booking,deny,,
clinician,tracking_events,write,customer_support,deny,,
clinician,tracking_events,write,customs_clearance,deny,,
clinician,tracking_events,write,delivery,deny,,
clinician,tracking_events,write,dispatch,deny,,
clinician,tracking_events,write,exception_summary,deny,,
clinician,tracking_events,write,fleet_management,deny,,
clinician,tracking_events,write,handling,deny,,
clinician,tracking_events,write,route_planning,deny,,
clinician,vehicles,read,booking,deny,,
clinician,vehicles,read,customer_support,deny,,
clinician,vehicles,read,customs_clearance,deny,,
clinician,vehicles,read,delivery,deny,,
clinician,vehicles,read,dispatch,deny,,
clinician,vehicles,read,exception_summary,deny,,
clinician,vehicles,read,fleet_management,deny,,
clinician,vehicles,read,handling,deny,,
clinician,vehicles,read,route_planning,deny,,
clinician,vehicles,write,booking,deny,,
clinician,vehicles,write,customer_support,deny,,
clinician,vehicles,write,customs_clearance,deny,,
clinician,vehicles,write,delivery,deny,,
clinician,vehicles,write,dispatch,deny,,
clinician,vehicles,write,exception_summary,deny,,
clinician,vehicles,write,fleet_management,deny,,
clinician,vehicles,write,handling,deny,,
clinician,vehicles,write,route_planning,deny,,
